<?xml version="1.0" encoding="UTF-8"?>
<alto xmlns:xsi="http://www.w3.org/2001/XMLSchema-instance"
      xmlns="http://www.loc.gov/standards/alto/ns-v4#"
      xsi:schemaLocation="http://www.loc.gov/standards/alto/ns-v4# http://www.loc.gov/standards/alto/v4/alto-4-2.xsd">
  <Description>
    <MeasurementUnit>pixel</MeasurementUnit>
    <sourceImageInformation>
      <fileName>Notre_Dame_git.pdf_page_9.png</fileName>
      
    </sourceImageInformation>
  </Description>
  
  <Tags>
    <OtherTag ID="BT2" LABEL="Main" DESCRIPTION="block type Main"/><OtherTag ID="BT4" LABEL="Illustration" DESCRIPTION="block type Illustration"/><OtherTag ID="BT1411" LABEL="folio" DESCRIPTION="block type folio"/><OtherTag ID="BT1412" LABEL="année" DESCRIPTION="block type année"/><OtherTag ID="BT1453" LABEL="Marge" DESCRIPTION="block type Marge"/>
    
  </Tags>
  
  <Layout>
    <Page WIDTH="2858"
          HEIGHT="4559"
          PHYSICAL_IMG_NR="8"
          ID="eSc_dummypage_">
      <PrintSpace HPOS="0"
                  VPOS="0"
                  WIDTH="2858"
                  HEIGHT="4559">
        
        <TextBlock HPOS="3"
                   VPOS="122"
                   WIDTH="475"
                   HEIGHT="4330"
                   ID="eSc_textblock_f8c66870"
                   TAGREFS="BT">
          <Shape><Polygon POINTS="3 122 33 1213 33 4452 478 4452 478 184 303 167 254 171 192 131"/></Shape>
          
          
          <TextLine ID="eSc_line_cb2d9755"
                    
                    BASELINE="28 246 519 236" 
                    HPOS="15"
                    VPOS="151"
                    WIDTH="501"
                    HEIGHT="137">
            <Shape><Polygon POINTS="26 243 22 151 509 151 516 235 516 258 391 284 391 284 391 284 387 284 387 284 383 284 383 284 383 284 380 284 380 284 349 258 345 254 334 258 266 277 262 277 262 277 262 277 258 277 258 277 133 258 91 288 87 288 87 288 87 288 83 288 83 288 83 288 79 288 79 288 76 288 76 288 76 288 72 288 15 254"/></Shape>
	    <String CONTENT="Septembre. 17"
                    HPOS="15"
                    VPOS="151"
                    WIDTH="501"
                    HEIGHT="137"></String>
          </TextLine>

          
          
          <TextLine ID="eSc_line_1febd016"
                    
                    BASELINE="392 713 463 715" 
                    HPOS="387"
                    VPOS="607"
                    WIDTH="72"
                    HEIGHT="152">
            <Shape><Polygon POINTS="391 710 387 615 456 607 459 714 456 744 387 759"/></Shape>
	    <String CONTENT="19"
                    HPOS="387"
                    VPOS="607"
                    WIDTH="72"
                    HEIGHT="152"></String>
          </TextLine>

          
          
          <TextLine ID="eSc_line_94ccaf0c"
                    
                    BASELINE="399 1088 463 1088" 
                    HPOS="387"
                    VPOS="987"
                    WIDTH="72"
                    HEIGHT="141">
            <Shape><Polygon POINTS="395 1086 395 987 459 987 459 1086 452 1128 387 1105"/></Shape>
	    <String CONTENT="21"
                    HPOS="387"
                    VPOS="987"
                    WIDTH="72"
                    HEIGHT="141"></String>
          </TextLine>

          
          
          <TextLine ID="eSc_line_0c9eff8e"
                    
                    BASELINE="396 1664 480 1658" 
                    HPOS="383"
                    VPOS="1550"
                    WIDTH="95"
                    HEIGHT="140">
            <Shape><Polygon POINTS="395 1660 383 1565 463 1550 478 1656 475 1690 395 1690"/></Shape>
	    <String CONTENT="22"
                    HPOS="383"
                    VPOS="1550"
                    WIDTH="95"
                    HEIGHT="140"></String>
          </TextLine>

          
          
          <TextLine ID="eSc_line_4f51a04a"
                    
                    BASELINE="394 1947 466 1947" 
                    HPOS="391"
                    VPOS="1869"
                    WIDTH="72"
                    HEIGHT="106">
            <Shape><Polygon POINTS="391 1945 391 1869 463 1872 463 1945 463 1964 391 1975"/></Shape>
	    <String CONTENT="26"
                    HPOS="391"
                    VPOS="1869"
                    WIDTH="72"
                    HEIGHT="106"></String>
          </TextLine>

          
          
          <TextLine ID="eSc_line_e11b747f"
                    
                    BASELINE="404 2327 459 2330" 
                    HPOS="399"
                    VPOS="2237"
                    WIDTH="57"
                    HEIGHT="118">
            <Shape><Polygon POINTS="402 2325 402 2241 456 2237 456 2328 452 2344 399 2355"/></Shape>
	    <String CONTENT="28"
                    HPOS="399"
                    VPOS="2237"
                    WIDTH="57"
                    HEIGHT="118"></String>
          </TextLine>

          
          
          <TextLine ID="eSc_line_85b1726c"
                    
                    BASELINE="389 2717 471 2715" 
                    HPOS="376"
                    VPOS="2606"
                    WIDTH="99"
                    HEIGHT="209">
            <Shape><Polygon POINTS="387 2716 376 2610 456 2606 467 2712 475 2784 395 2815"/></Shape>
	    <String CONTENT="29"
                    HPOS="376"
                    VPOS="2606"
                    WIDTH="99"
                    HEIGHT="209"></String>
          </TextLine>

          
          
          <TextLine ID="eSc_line_4c133ba7"
                    
                    BASELINE="92 3110 460 3112" 
                    HPOS="87"
                    VPOS="3005"
                    WIDTH="372"
                    HEIGHT="125">
            <Shape><Polygon POINTS="91 3107 87 3012 456 3005 459 3111 456 3126 87 3130"/></Shape>
	    <String CONTENT="Octobre 3"
                    HPOS="87"
                    VPOS="3005"
                    WIDTH="372"
                    HEIGHT="125"></String>
          </TextLine>

          
          
          <TextLine ID="eSc_line_271d8651"
                    
                    BASELINE="389 3496 469 3496" 
                    HPOS="387"
                    VPOS="3404"
                    WIDTH="80"
                    HEIGHT="106">
            <Shape><Polygon POINTS="387 3495 387 3404 467 3404 467 3495 467 3506 387 3510"/></Shape>
	    <String CONTENT="5"
                    HPOS="387"
                    VPOS="3404"
                    WIDTH="80"
                    HEIGHT="106"></String>
          </TextLine>

          
          
          <TextLine ID="eSc_line_29dedd73"
                    
                    BASELINE="389 3780 467 3782" 
                    HPOS="383"
                    VPOS="3654"
                    WIDTH="80"
                    HEIGHT="137">
            <Shape><Polygon POINTS="387 3776 387 3654 463 3662 463 3780 459 3787 383 3791"/></Shape>
	    <String CONTENT="8"
                    HPOS="383"
                    VPOS="3654"
                    WIDTH="80"
                    HEIGHT="137"></String>
          </TextLine>

          
        </TextBlock>
        
        <TextBlock HPOS="426"
                   VPOS="0"
                   WIDTH="2424"
                   HEIGHT="4387"
                   ID="eSc_textblock_48742860"
                   TAGREFS="BT">
          <Shape><Polygon POINTS="2827 31 2827 1010 2827 1170 2827 1283 2827 1311 2827 1461 2827 1818 2827 1950 2850 2537 2827 2725 2827 2865 2842 4387 494 4383 479 3298 448 3252 485 3202 484 3012 435 2969 484 2926 487 2822 453 2757 493 2711 492 2058 448 2020 488 1946 485 1861 426 1839 494 1747 494 1658 494 1195 493 914 492 501 490 0 1701 16"/></Shape>
          
        </TextBlock>
        
        <TextBlock HPOS="303"
                   VPOS="43"
                   WIDTH="184"
                   HEIGHT="118"
                   ID="eSc_textblock_e28f0ebb"
                   TAGREFS="BT1411">
          <Shape><Polygon POINTS="303 43 303 161 487 161 487 43 379 43"/></Shape>
          
        </TextBlock>
        
        <TextBlock HPOS="81"
                   VPOS="6"
                   WIDTH="270"
                   HEIGHT="126"
                   ID="eSc_textblock_6bb9d763"
                   TAGREFS="BT1412">
          <Shape><Polygon POINTS="160 9 81 114 351 132 351 6"/></Shape>
          
        </TextBlock>
        

        
        <TextBlock ID="eSc_dummyblock_">
          
          
          <TextLine ID="eSc_line_c89019c6"
                    
                    BASELINE="505 68 505 55" 
                    HPOS="452"
                    VPOS="53"
                    WIDTH="68"
                    HEIGHT="15">
            <Shape><Polygon POINTS="501 64 456 68 452 56 501 53 520 53 520 60"/></Shape>
	    <String CONTENT="&quot;"
                    HPOS="452"
                    VPOS="53"
                    WIDTH="68"
                    HEIGHT="15"></String>
          </TextLine>

          
          
          <TextLine ID="eSc_line_0e0d2297"
                    
                    BASELINE="60 110 475 125" 
                    HPOS="57"
                    VPOS="0"
                    WIDTH="418"
                    HEIGHT="132">
            <Shape><Polygon POINTS="60 79 60 26 186 34 224 0 456 0 475 22 471 125 456 132 323 129 292 110 247 121 231 106 171 125 152 102 102 102 83 121 57 102"/></Shape>
	    <String CONTENT="1860"
                    HPOS="57"
                    VPOS="0"
                    WIDTH="418"
                    HEIGHT="132"></String>
          </TextLine>

          
          
          <TextLine ID="eSc_line_187cadf3"
                    
                    BASELINE="547 235 2812 212" 
                    HPOS="535"
                    VPOS="106"
                    WIDTH="2273"
                    HEIGHT="137">
            <Shape><Polygon POINTS="543 231 535 140 684 125 684 125 687 125 687 125 763 140 858 155 915 140 957 125 961 125 961 125 961 125 965 125 965 125 969 125 969 125 969 125 972 125 991 140 1014 151 1048 140 1086 125 1086 125 1090 125 1090 125 1094 125 1094 125 1094 125 1159 140 1200 148 1238 140 1311 117 1314 117 1314 117 1318 117 1318 117 1493 140 1573 148 1584 140 1607 121 1607 117 1607 117 1611 117 1611 117 1611 117 1615 117 1615 117 1619 117 1619 117 1619 117 1622 117 1622 117 1622 117 1626 117 1653 140 1672 148 1778 140 2044 113 2044 113 2048 113 2048 113 2052 113 2052 113 2052 113 2101 140 2101 140 2246 140 2253 140 2295 110 2299 110 2299 110 2299 110 2303 110 2303 110 2303 110 2424 106 2428 106 2428 106 2428 106 2576 140 2800 140 2808 208 2804 231 543 243"/></Shape>
	    <String CONTENT="[??] des terrasses que surmontent la galerie du [??] du"
                    HPOS="535"
                    VPOS="106"
                    WIDTH="2273"
                    HEIGHT="137"></String>
          </TextLine>

          
          
          <TextLine ID="eSc_line_6b9ae4d2"
                    
                    BASELINE="490 303 2778 311" 
                    HPOS="486"
                    VPOS="235"
                    WIDTH="2292"
                    HEIGHT="95">
            <Shape><Polygon POINTS="490 273 490 258 558 235 634 235 676 262 733 262 794 235 847 235 877 254 908 235 1010 235 1037 250 1155 235 1181 262 1265 262 1284 246 1364 262 1413 235 1562 235 1638 265 1812 265 1854 239 1896 254 1919 243 1942 265 1991 239 2063 243 2113 265 2230 239 2268 265 2382 265 2436 239 2493 265 2572 265 2603 239 2648 239 2690 265 2747 250 2778 281 2774 315 2713 330 2622 315 2599 330 2322 330 2303 315 2086 330 2037 315 1657 330 1615 311 1531 326 1501 311 1242 311 1193 326 1178 311 1067 311 1048 326 486 322"/></Shape>
	    <String CONTENT="choeur 难 et des [parsements] des murs entre les croisées hautes du choeur"
                    HPOS="486"
                    VPOS="235"
                    WIDTH="2292"
                    HEIGHT="95"></String>
          </TextLine>

          
          
          <TextLine ID="eSc_line_814db30a"
                    
                    BASELINE="509 406 2831 406" 
                    HPOS="509"
                    VPOS="334"
                    WIDTH="2322"
                    HEIGHT="95">
            <Shape><Polygon POINTS="509 376 509 334 585 334 630 364 741 341 767 364 893 360 923 334 988 334 1041 360 1079 341 1124 364 1174 334 1326 334 1394 353 1421 341 1444 364 1531 349 1626 364 1653 345 1691 364 1820 364 1835 349 1854 364 1926 364 1942 349 2010 364 2029 345 2086 353 2101 338 2147 338 2189 364 2208 349 2257 357 2291 334 2352 364 2436 364 2512 341 2565 364 2648 364 2732 334 2785 334 2831 364 2831 414 2816 421 2667 410 2580 429 2272 429 2246 410 2215 425 2185 410 2071 410 2052 429 2006 414 1968 429 1949 410 1926 425 1839 410 1782 429 1721 414 1657 429 1634 406 1600 406 1581 425 1482 410 1432 429 1387 406 1235 406 1208 425 1166 406 1075 429 1037 410 980 429 953 406 870 421 839 406 817 421 706 406 661 410 642 429 509 429"/></Shape>
	    <String CONTENT="jusqu&#39;aux chapiteaux des [meneaux]. on monte un échafaudage interieur"
                    HPOS="509"
                    VPOS="334"
                    WIDTH="2322"
                    HEIGHT="95"></String>
          </TextLine>

          
          
          <TextLine ID="eSc_line_a8707585"
                    
                    BASELINE="505 505 2819 497" 
                    HPOS="501"
                    VPOS="425"
                    WIDTH="2315"
                    HEIGHT="103">
            <Shape><Polygon POINTS="501 474 558 436 611 459 672 459 722 429 817 440 836 459 980 459 1014 429 1299 429 1318 448 1345 429 1390 444 1425 429 1482 459 1554 429 1683 448 1778 425 1847 448 1885 425 1938 425 1961 444 1976 429 2006 448 2021 436 2211 455 2622 455 2648 429 2705 433 2724 452 2759 433 2816 467 2800 520 2713 501 2698 516 2637 509 2610 524 2588 509 2519 524 2496 509 2477 524 2314 524 2268 509 2238 524 2162 505 2135 524 2097 509 1995 520 1942 505 1877 520 1839 501 1782 524 1710 505 1649 528 1554 505 1501 509 1482 528 1455 509 1429 528 1371 528 1345 505 1284 509 1261 528 1124 528 1098 505 965 520 877 509 771 528 748 505 566 505 539 524 501 505"/></Shape>
	    <String CONTENT="pour les reprises des [??] au dessus de l&#39;entrée des collatéraux du choeur"
                    HPOS="501"
                    VPOS="425"
                    WIDTH="2315"
                    HEIGHT="103"></String>
          </TextLine>

          
          
          <TextLine ID="eSc_line_1b72a0c7"
                    
                    BASELINE="471 588 2329 600" 
                    HPOS="467"
                    VPOS="520"
                    WIDTH="1862"
                    HEIGHT="99">
            <Shape><Polygon POINTS="471 558 471 531 505 520 608 550 687 550 714 524 752 550 775 535 813 550 953 550 984 528 1090 520 1147 554 1197 539 1223 554 1436 554 1474 531 1505 554 1581 554 1619 528 1744 528 1793 558 1862 558 1911 528 1945 558 1995 539 2025 558 2063 531 2075 543 2101 528 2287 528 2329 569 2325 611 2291 619 2223 619 2204 604 2018 604 2002 619 1964 604 1611 615 1596 600 1440 615 1299 600 1231 615 1037 600 991 611 969 596 942 611 467 604"/></Shape>
	    <String CONTENT="dans le transept Sud comme il a été fait du coté Nord."
                    HPOS="467"
                    VPOS="520"
                    WIDTH="1862"
                    HEIGHT="99"></String>
          </TextLine>

          
          
          <TextLine ID="eSc_line_429729bb"
                    
                    BASELINE="507 703 2800 683" 
                    HPOS="501"
                    VPOS="596"
                    WIDTH="2296"
                    HEIGHT="144">
            <Shape><Polygon POINTS="505 702 501 619 893 634 938 611 942 611 942 611 942 611 946 611 946 611 950 611 950 611 950 611 953 611 953 611 953 611 957 611 999 634 1174 611 1181 611 1181 611 1185 611 1185 611 1185 611 1189 611 1189 611 1257 634 1284 615 1288 615 1288 615 1288 615 1292 615 1292 615 1292 615 1295 615 1508 630 1554 607 1554 607 1554 607 1554 607 1558 607 1558 607 1558 607 1562 607 1562 607 1565 607 1565 607 1641 626 1805 604 1820 604 1820 604 1824 604 1824 604 1824 604 1828 604 1831 604 1900 626 1923 607 1923 607 1926 607 1926 607 1930 607 1930 607 1930 607 2154 604 2158 604 2158 604 2162 604 2162 604 2162 604 2166 604 2166 604 2189 626 2405 626 2489 604 2493 604 2493 604 2496 604 2496 604 2698 619 2781 596 2797 680 2793 699 2382 721 2379 721 2052 714 1744 706 1687 721 1653 729 1649 729 1649 729 1645 729 1402 725 889 714 744 737 733 737 733 737 729 737 729 737 718 737 554 718 509 740"/></Shape>
	    <String CONTENT="[难19] on poursuit la converture en plomb des travées de charpente qui ont"
                    HPOS="501"
                    VPOS="596"
                    WIDTH="2296"
                    HEIGHT="144"></String>
          </TextLine>

          
          
          <TextLine ID="eSc_line_e313893d"
                    
                    BASELINE="505 790 2816 790" 
                    HPOS="505"
                    VPOS="725"
                    WIDTH="2311"
                    HEIGHT="91">
            <Shape><Polygon POINTS="505 759 615 733 699 748 737 725 965 725 1003 748 1052 725 1086 740 1159 725 1189 744 1238 725 1276 744 1318 733 1371 748 1413 725 1630 725 1691 748 1786 725 1820 748 1881 748 1930 725 1983 725 2025 748 2063 748 2090 725 2132 748 2420 748 2455 725 2485 744 2531 725 2576 748 2607 725 2664 725 2702 748 2770 748 2797 725 2816 737 2816 797 2762 797 2743 816 2648 797 2580 816 2512 816 2493 801 2436 816 2417 801 2341 816 2265 816 2246 801 2192 816 2078 816 2063 801 2040 816 1964 816 1938 797 1512 797 1448 816 1398 797 1151 797 1113 816 1018 816 961 797 923 813 900 797 828 813 756 797 737 816 505 801"/></Shape>
	    <String CONTENT="été refaites de chaque coté de la flèche (choeur et nef) on a posé le faitage"
                    HPOS="505"
                    VPOS="725"
                    WIDTH="2311"
                    HEIGHT="91"></String>
          </TextLine>

          
          
          <TextLine ID="eSc_line_9f7789e6"
                    
                    BASELINE="505 889 2806 895" 
                    HPOS="494"
                    VPOS="809"
                    WIDTH="2310"
                    HEIGHT="114">
            <Shape><Polygon POINTS="501 885 497 813 2797 809 2804 892 2800 900 2603 923 2603 923 2599 923 2599 923 2466 904 2458 904 2451 904 2238 923 2238 923 2234 923 1896 904 1847 904 1828 904 1702 923 1702 923 1698 923 1698 923 1493 908 1406 900 1371 908 1314 919 1314 919 1314 919 1311 919 1311 919 1307 919 1307 919 1273 908 1250 900 1189 908 1090 919 1090 919 1086 919 494 908"/></Shape>
	    <String CONTENT="et les [fourchettes] en fer destinées à supporter la crète en plomb sur la travée"
                    HPOS="494"
                    VPOS="809"
                    WIDTH="2310"
                    HEIGHT="114"></String>
          </TextLine>

          
          
          <TextLine ID="eSc_line_a04a0083"
                    
                    BASELINE="507 982 2785 991" 
                    HPOS="501"
                    VPOS="896"
                    WIDTH="2280"
                    HEIGHT="122">
            <Shape><Polygon POINTS="505 980 505 896 2778 908 2781 987 2781 991 2603 1014 2603 1018 2496 1018 2493 1014 2493 1014 2489 1014 2489 1014 2489 1014 2485 1014 2485 1014 2485 1010 2481 1010 2470 995 2470 995 2470 995 2287 1014 2287 1014 2284 1014 2284 1014 2284 1014 2280 1014 2280 1014 2238 995 2234 995 2223 995 2037 1014 2033 1014 2033 1014 1862 995 1835 995 501 999"/></Shape>
	    <String CONTENT="du choeur. on pose le socle formant cheneau a la [1ère] travée de la nef Nord."
                    HPOS="501"
                    VPOS="896"
                    WIDTH="2280"
                    HEIGHT="122"></String>
          </TextLine>

          
          
          <TextLine ID="eSc_line_5c5675df"
                    
                    BASELINE="517 1083 2819 1071" 
                    HPOS="509"
                    VPOS="980"
                    WIDTH="2307"
                    HEIGHT="129">
            <Shape><Polygon POINTS="516 1082 509 995 630 991 634 991 634 991 638 991 638 991 638 991 646 995 695 1018 813 995 832 991 832 991 836 991 1045 991 1045 991 1045 991 1048 991 1048 991 1048 991 1052 991 1052 991 1052 995 1086 1018 1246 995 1254 995 1254 995 1257 995 1257 995 1265 995 1398 1014 1429 995 1436 987 1440 987 1440 987 1440 987 1444 987 1444 987 1444 987 1448 987 1448 987 1451 987 1451 987 1451 987 1467 995 1505 1014 1543 995 1554 991 1554 991 1558 991 1558 991 1558 991 1562 991 1562 991 1565 991 1565 991 1577 995 1630 1014 1664 995 1687 983 1687 983 1687 983 1691 983 1691 983 1691 983 1695 983 1695 983 1698 983 1698 983 1698 983 1721 995 1752 1010 1858 995 1919 987 1919 987 1923 987 1923 987 1926 987 1926 987 1926 987 1930 987 1942 995 1968 1014 2189 1014 2219 995 2249 980 2249 980 2249 980 2253 980 2253 980 2253 980 2257 980 2257 980 2261 980 2261 980 2261 980 2265 980 2265 980 2284 995 2295 1006 2306 995 2329 980 2333 980 2333 980 2333 980 2337 980 2337 980 2337 980 2341 980 2341 980 2439 995 2481 1002 2500 995 2538 983 2538 983 2542 983 2542 983 2546 983 2808 999 2816 1067 2812 1109 516 1109"/></Shape>
	    <String CONTENT="ᑕontinuation du montage de la charpente neuve au dessus du transept"
                    HPOS="509"
                    VPOS="980"
                    WIDTH="2307"
                    HEIGHT="129"></String>
          </TextLine>

          
          
          <TextLine ID="eSc_line_c1c2f0d7"
                    
                    BASELINE="476 1189 2812 1181" 
                    HPOS="467"
                    VPOS="1082"
                    WIDTH="2341"
                    HEIGHT="118">
            <Shape><Polygon POINTS="475 1185 467 1090 653 1086 657 1086 657 1086 661 1086 661 1086 661 1086 665 1086 665 1086 665 1090 668 1090 687 1113 877 1113 927 1090 942 1086 942 1086 946 1086 946 1086 950 1086 1124 1086 1124 1086 1124 1086 1128 1086 1128 1086 1128 1086 1132 1086 1132 1086 1136 1094 1155 1105 1216 1094 1238 1090 1238 1090 1238 1090 1242 1090 1242 1090 1246 1090 1246 1090 1246 1090 1250 1090 1250 1090 1254 1094 1276 1113 1516 1113 1573 1094 1607 1086 1611 1086 1611 1086 1615 1086 1615 1086 1615 1086 1664 1097 1710 1105 1755 1097 1824 1082 1824 1082 1824 1082 1828 1082 1828 1082 1942 1097 2002 1109 2200 1109 2208 1101 2223 1086 2223 1082 2223 1082 2227 1082 2227 1082 2227 1082 2230 1082 2230 1082 2234 1082 2234 1082 2234 1082 2238 1082 2238 1082 2280 1101 2295 1109 2394 1109 2401 1101 2424 1082 2424 1082 2428 1082 2428 1082 2428 1082 2432 1082 2432 1082 2436 1082 2436 1082 2436 1082 2439 1082 2504 1101 2523 1105 2553 1101 2664 1086 2664 1086 2667 1086 2667 1086 2800 1105 2808 1177 2804 1196 475 1200"/></Shape>
	    <String CONTENT="Sod. on pose les serrures pour les verrières des croisées hautes du transept"
                    HPOS="467"
                    VPOS="1082"
                    WIDTH="2341"
                    HEIGHT="118"></String>
          </TextLine>

          
          
          <TextLine ID="eSc_line_f179296c"
                    
                    BASELINE="491 1283 2819 1280" 
                    HPOS="478"
                    VPOS="1181"
                    WIDTH="2338"
                    HEIGHT="114">
            <Shape><Polygon POINTS="490 1280 478 1208 558 1181 562 1181 562 1181 566 1181 710 1181 710 1181 710 1181 714 1181 714 1181 714 1181 718 1181 718 1181 741 1200 817 1181 820 1181 820 1181 824 1181 824 1181 991 1200 1113 1181 1113 1181 1117 1181 1117 1181 1269 1200 1330 1181 1333 1181 1333 1181 1333 1181 1337 1181 1337 1181 1337 1181 1425 1200 1493 1181 1497 1181 1497 1181 1501 1181 1501 1181 1683 1200 1953 1181 1957 1181 2512 1200 2645 1181 2645 1181 2648 1181 2648 1181 2808 1204 2816 1276 2816 1287 490 1295"/></Shape>
	    <String CONTENT="Sud face Est; celui du coté Nord (face est) sont terminés ainsi que le dallage"
                    HPOS="478"
                    VPOS="1181"
                    WIDTH="2338"
                    HEIGHT="114"></String>
          </TextLine>

          
          
          <TextLine ID="eSc_line_06989ced"
                    
                    BASELINE="471 1372 2800 1360" 
                    HPOS="459"
                    VPOS="1265"
                    WIDTH="2338"
                    HEIGHT="129">
            <Shape><Polygon POINTS="467 1371 459 1276 532 1272 535 1272 535 1272 535 1272 539 1272 539 1272 543 1272 543 1272 543 1276 577 1299 665 1276 680 1272 684 1272 684 1272 687 1272 687 1272 729 1276 851 1291 934 1276 969 1272 969 1272 972 1272 972 1272 972 1272 976 1272 976 1272 988 1276 1033 1299 1056 1280 1064 1272 1064 1268 1067 1268 1067 1268 1067 1268 1071 1268 1071 1268 1075 1268 1322 1268 1322 1268 1322 1268 1326 1268 1326 1268 1360 1280 1402 1295 1444 1280 1482 1268 1486 1268 1486 1268 1486 1268 1489 1268 1489 1268 1493 1268 1493 1268 1527 1280 1569 1295 1801 1284 2014 1272 2018 1272 2018 1272 2018 1272 2021 1272 2021 1272 2021 1272 2044 1284 2059 1291 2238 1291 2246 1287 2299 1265 2299 1265 2303 1265 2303 1265 2303 1265 2306 1265 2306 1265 2310 1265 2394 1287 2401 1287 2409 1287 2515 1268 2515 1268 2515 1268 2519 1268 2789 1291 2797 1356 2793 1375 467 1394"/></Shape>
	    <String CONTENT="des chapelles basses de la nef Nord. on a terminé aussi la dépose de la rose"
                    HPOS="459"
                    VPOS="1265"
                    WIDTH="2338"
                    HEIGHT="129"></String>
          </TextLine>

          
          
          <TextLine ID="eSc_line_22110047"
                    
                    BASELINE="486 1458 2781 1458" 
                    HPOS="486"
                    VPOS="1390"
                    WIDTH="2295"
                    HEIGHT="99">
            <Shape><Polygon POINTS="486 1428 486 1405 528 1417 577 1390 725 1390 752 1417 828 1417 881 1390 942 1413 1105 1394 1178 1417 1204 1390 1250 1417 1349 1417 1371 1398 1455 1417 1497 1390 1645 1390 1676 1409 1717 1394 1793 1417 1816 1398 1877 1409 1907 1394 1930 1417 1961 1417 1987 1390 2044 1390 2075 1417 2303 1417 2371 1390 2420 1409 2523 1390 2553 1417 2588 1401 2607 1417 2686 1401 2705 1413 2724 1398 2781 1417 2781 1470 2732 1489 2705 1466 2629 1489 2493 1474 2462 1489 2432 1470 2071 1489 2048 1470 1945 1485 1873 1466 1797 1485 1748 1470 1698 1489 1676 1466 1596 1470 1565 1489 1390 1489 1368 1466 1292 1485 1113 1466 1003 1489 927 1466 851 1489 832 1470 809 1481 653 1466 638 1481 570 1470 551 1489 486 1466"/></Shape>
	    <String CONTENT="et commmenicé celle de l&#39;ouverture à jour placée au dessous et de la corniche"
                    HPOS="486"
                    VPOS="1390"
                    WIDTH="2295"
                    HEIGHT="99"></String>
          </TextLine>

          
          
          <TextLine ID="eSc_line_00a41d92"
                    
                    BASELINE="482 1561 1170 1553" 
                    HPOS="478"
                    VPOS="1489"
                    WIDTH="688"
                    HEIGHT="106">
            <Shape><Polygon POINTS="478 1531 478 1493 585 1493 611 1515 748 1515 771 1496 805 1515 885 1489 961 1512 984 1496 1041 1512 1162 1504 1166 1523 1162 1561 1083 1561 1026 1588 950 1588 885 1557 817 1591 752 1561 543 1561 513 1591 478 1595"/></Shape>
	    <String CONTENT="formant [passage]."
                    HPOS="478"
                    VPOS="1489"
                    WIDTH="688"
                    HEIGHT="106"></String>
          </TextLine>

          
          
          <TextLine ID="eSc_line_4c257e23"
                    
                    BASELINE="508 1660 2812 1652" 
                    HPOS="494"
                    VPOS="1561"
                    WIDTH="2314"
                    HEIGHT="133">
            <Shape><Polygon POINTS="505 1656 494 1591 551 1565 551 1565 554 1565 554 1565 558 1565 946 1565 946 1565 946 1565 950 1565 950 1565 950 1565 953 1565 953 1565 976 1584 1128 1565 1132 1565 1387 1565 1387 1565 1387 1565 1390 1565 1390 1565 1390 1565 1394 1565 1421 1584 1425 1584 1752 1584 1755 1580 1793 1561 1793 1561 1793 1561 1797 1561 1797 1561 1801 1561 1801 1561 1801 1561 1805 1561 1869 1580 1873 1580 1873 1580 1972 1561 1972 1561 1972 1561 1976 1561 1976 1561 2094 1580 2109 1580 2120 1580 2238 1561 2238 1561 2242 1561 2242 1561 2242 1561 2333 1576 2356 1580 2375 1576 2466 1561 2466 1561 2470 1561 2800 1576 2808 1648 2808 1660 2622 1690 2622 1690 2618 1690 2618 1690 2405 1671 2204 1690 2204 1690 2200 1690 2200 1690 2196 1690 2196 1690 2196 1690 2192 1690 2192 1690 2162 1667 1934 1690 1934 1690 1930 1690 1930 1690 1926 1690 1926 1690 1926 1690 1923 1690 1923 1690 1900 1667 1896 1667 1885 1667 1698 1686 1698 1686 1695 1686 1695 1686 1691 1686 1691 1686 1691 1686 1657 1667 1653 1667 1626 1671 1429 1694 1429 1694 1425 1694 1425 1694 1425 1694 1318 1671 1295 1667 1288 1671 1246 1694 1246 1694 1246 1694 1242 1694 1242 1694 1242 1694 1238 1694 1238 1694 1238 1694 1235 1694 1235 1694 1235 1694 1197 1671 1189 1667 1181 1671 1162 1686 1159 1686 1159 1686 1159 1686 1155 1686 1155 1686 1151 1686 1151 1686 1026 1675 961 1667 950 1675 912 1694 912 1694 912 1694 908 1694 908 1694 908 1694 904 1694 904 1694 900 1694 828 1675 798 1667 505 1675"/></Shape>
	    <String CONTENT="on a transporté l&#39;échafaudage en bascule au dessus de la porte de gauche"
                    HPOS="494"
                    VPOS="1561"
                    WIDTH="2314"
                    HEIGHT="133"></String>
          </TextLine>

          
          
          <TextLine ID="eSc_line_acde9922"
                    
                    BASELINE="467 1740 2789 1747" 
                    HPOS="463"
                    VPOS="1675"
                    WIDTH="2326"
                    HEIGHT="103">
            <Shape><Polygon POINTS="467 1709 509 1675 566 1675 585 1694 627 1675 741 1702 809 1698 839 1675 877 1702 934 1686 1045 1702 1064 1683 1128 1675 1166 1690 1246 1686 1261 1702 1314 1702 1356 1679 1383 1702 1432 1675 1505 1675 1653 1705 1767 1679 1816 1679 1858 1705 1919 1705 1934 1690 1995 1705 2037 1679 2097 1679 2128 1705 2196 1686 2215 1705 2291 1705 2337 1679 2405 1702 2428 1690 2447 1705 2595 1705 2626 1679 2656 1679 2694 1698 2709 1683 2766 1698 2789 1717 2785 1759 2755 1778 2724 1778 2690 1751 2629 1766 2455 1751 2405 1774 2367 1755 2276 1751 2211 1778 2059 1778 2033 1755 1900 1778 1854 1755 1816 1778 1763 1778 1710 1751 1672 1766 1626 1747 1581 1774 1524 1774 1467 1747 1375 1747 1352 1762 1269 1747 1216 1774 1170 1774 1140 1747 1090 1774 984 1774 961 1751 904 1774 604 1774 577 1751 463 1743"/></Shape>
	    <String CONTENT="de la facade principale pour la reprise des [parties] de tapissirie au dessus"
                    HPOS="463"
                    VPOS="1675"
                    WIDTH="2326"
                    HEIGHT="103"></String>
          </TextLine>

          
          
          <TextLine ID="eSc_line_c6303917"
                    
                    BASELINE="453 1857 1363 1854" 
                    HPOS="448"
                    VPOS="1755"
                    WIDTH="912"
                    HEIGHT="121">
            <Shape><Polygon POINTS="452 1853 452 1755 623 1789 748 1789 775 1762 775 1759 779 1759 782 1759 786 1759 790 1759 1075 1785 1356 1766 1360 1853 1356 1876 448 1872"/></Shape>
	    <String CONTENT="des [??] de cette porte."
                    HPOS="448"
                    VPOS="1755"
                    WIDTH="912"
                    HEIGHT="121"></String>
          </TextLine>

          
          
          <TextLine ID="eSc_line_941c6ac0"
                    
                    BASELINE="514 1956 2781 1941" 
                    HPOS="509"
                    VPOS="1846"
                    WIDTH="2269"
                    HEIGHT="133">
            <Shape><Polygon POINTS="513 1952 509 1880 589 1884 604 1876 649 1857 649 1857 653 1857 653 1857 653 1857 657 1857 657 1857 657 1857 661 1857 722 1876 744 1888 946 1888 961 1876 999 1857 999 1857 999 1857 1003 1857 1003 1857 1003 1857 1007 1857 1007 1857 1159 1872 1216 1853 1216 1853 1219 1853 1219 1853 1223 1853 1223 1853 1223 1853 1227 1853 1227 1853 1227 1853 1231 1853 1265 1876 1269 1880 1273 1876 1303 1861 1303 1861 1303 1861 1307 1861 1307 1861 1307 1861 1311 1861 1311 1861 1409 1876 1436 1880 1459 1876 1569 1853 1569 1853 1569 1853 1573 1853 1573 1853 1725 1872 1755 1850 1755 1850 1759 1850 1759 1850 1763 1850 1763 1850 1763 1850 1767 1850 2147 1876 2177 1876 2181 1876 2227 1846 2230 1846 2230 1846 2230 1846 2234 1846 2234 1846 2238 1846 2238 1846 2238 1846 2363 1872 2466 1846 2470 1846 2470 1846 2474 1846 2474 1846 2474 1846 2477 1846 2477 1846 2531 1872 2770 1876 2778 1937 2778 1952 1911 1975 1907 1975 1702 1956 1668 1956 1657 1956 1581 1979 1577 1979 1577 1979 1577 1979 1573 1979 1573 1979 1440 1960 1436 1960 1436 1960 1299 1979 1299 1979 1295 1979 1295 1979 1178 1960 1170 1960 1151 1960 855 1979 851 1979 509 1960"/></Shape>
	    <String CONTENT="on commence la reprise par [??] des [parterres] de [tympan] au"
                    HPOS="509"
                    VPOS="1846"
                    WIDTH="2269"
                    HEIGHT="133"></String>
          </TextLine>

          
          
          <TextLine ID="eSc_line_bed89b79"
                    
                    BASELINE="501 2036 2766 2043" 
                    HPOS="497"
                    VPOS="1960"
                    WIDTH="2269"
                    HEIGHT="99">
            <Shape><Polygon POINTS="501 2005 501 1960 558 1964 589 1990 642 1990 672 1964 737 1964 752 1979 847 1967 870 1990 957 1975 984 1990 1029 1964 1094 1964 1132 1990 1227 1964 1269 1986 1292 1975 1314 1990 1409 1990 1429 1975 1497 1983 1520 1964 1562 1964 1588 1990 1638 1994 1698 1994 1740 1967 1774 1994 1797 1979 1847 1994 1900 1967 2018 1994 2113 1971 2151 1986 2170 1967 2257 1967 2287 1994 2390 1971 2447 1990 2762 1994 2766 2013 2762 2059 2690 2043 2648 2059 2337 2059 2299 2043 2276 2059 2227 2043 2154 2059 2071 2043 1676 2059 1630 2040 1524 2055 1478 2040 1364 2055 1246 2040 1189 2055 1098 2040 965 2040 942 2055 497 2047"/></Shape>
	    <String CONTENT="dessus de l&#39;entree des collatéraux du choeur Sud coté du transept on"
                    HPOS="497"
                    VPOS="1960"
                    WIDTH="2269"
                    HEIGHT="99"></String>
          </TextLine>

          
          
          <TextLine ID="eSc_line_b09d3d07"
                    
                    BASELINE="497 2135 2755 2127" 
                    HPOS="494"
                    VPOS="2055"
                    WIDTH="2257"
                    HEIGHT="110">
            <Shape><Polygon POINTS="494 2104 494 2085 535 2078 703 2085 836 2062 874 2085 923 2085 980 2059 1064 2085 1159 2059 1250 2059 1273 2074 1371 2059 1398 2085 1497 2085 1524 2059 1607 2085 1664 2055 1721 2055 1740 2074 1774 2055 1904 2055 1961 2081 2071 2081 2113 2062 2204 2074 2234 2059 2272 2081 2557 2081 2610 2055 2664 2055 2743 2074 2751 2097 2747 2161 2538 2146 2504 2161 2477 2142 2439 2161 2219 2161 2166 2138 2097 2138 2063 2161 1934 2138 1843 2138 1820 2161 1641 2161 1615 2142 1535 2161 1493 2142 1467 2165 1429 2142 1379 2142 1352 2165 1307 2165 1276 2142 1181 2142 1128 2165 1090 2142 999 2142 976 2165 934 2165 904 2142 836 2142 813 2165 752 2142 494 2150"/></Shape>
	    <String CONTENT="continue le grattage et le ravalement de la partie en face; on poursuit le"
                    HPOS="494"
                    VPOS="2055"
                    WIDTH="2257"
                    HEIGHT="110"></String>
          </TextLine>

          
          
          <TextLine ID="eSc_line_5427d544"
                    
                    BASELINE="505 2230 2246 2230" 
                    HPOS="505"
                    VPOS="2157"
                    WIDTH="1741"
                    HEIGHT="92">
            <Shape><Polygon POINTS="505 2199 505 2165 520 2157 585 2184 630 2184 661 2157 703 2157 722 2176 771 2157 836 2184 870 2161 950 2184 980 2169 995 2184 1178 2184 1197 2165 1223 2184 1303 2184 1368 2157 1451 2157 1516 2184 1565 2157 1691 2165 1710 2184 1824 2176 1862 2157 1915 2157 1964 2184 2056 2184 2082 2165 2128 2184 2151 2161 2246 2184 2242 2249 505 2245"/></Shape>
	    <String CONTENT="raccord des dallages en marbre dans le bas coté du choeur."
                    HPOS="505"
                    VPOS="2157"
                    WIDTH="1741"
                    HEIGHT="92"></String>
          </TextLine>

          
          
          <TextLine ID="eSc_line_b382ffae"
                    
                    BASELINE="516 2328 2683 2321" 
                    HPOS="505"
                    VPOS="2230"
                    WIDTH="2174"
                    HEIGHT="114">
            <Shape><Polygon POINTS="513 2325 505 2256 836 2233 839 2233 839 2233 839 2233 843 2233 843 2233 847 2233 881 2256 893 2264 1299 2264 1311 2256 1352 2233 1352 2233 1352 2233 1356 2233 1356 2233 1360 2233 1463 2233 1463 2233 1463 2233 1565 2256 1584 2260 1600 2256 1687 2230 1691 2230 1691 2230 1695 2230 1866 2230 1866 2230 1866 2230 1869 2230 1869 2230 1869 2230 1919 2256 2002 2230 2006 2230 2006 2230 2006 2230 2010 2230 2010 2230 2014 2230 2014 2230 2014 2230 2018 2230 2018 2230 2018 2233 2044 2256 2044 2260 2287 2260 2287 2256 2348 2230 2348 2230 2352 2230 2352 2230 2352 2230 2356 2230 2356 2230 2360 2230 2360 2230 2360 2230 2363 2230 2401 2256 2584 2233 2584 2233 2588 2233 2588 2233 2588 2233 2591 2233 2675 2260 2679 2317 2671 2344 509 2336"/></Shape>
	    <String CONTENT="les charpentiers continuent le montage des serrures pour le comble dunt le des  le cmntle du"
                    HPOS="505"
                    VPOS="2230"
                    WIDTH="2174"
                    HEIGHT="114"></String>
          </TextLine>

          
          
          <TextLine ID="eSc_line_4e04f290"
                    
                    BASELINE="513 2416 2709 2416" 
                    HPOS="513"
                    VPOS="2344"
                    WIDTH="2196"
                    HEIGHT="95">
            <Shape><Polygon POINTS="513 2385 562 2347 585 2366 657 2351 703 2374 817 2374 855 2344 953 2344 1007 2374 1193 2374 1216 2355 1257 2374 1341 2347 1394 2374 1581 2374 1611 2344 1676 2344 1725 2374 1790 2347 1862 2374 1896 2344 1945 2370 2002 2347 2040 2363 2075 2344 2139 2359 2280 2344 2333 2374 2367 2344 2417 2374 2531 2374 2618 2344 2645 2366 2709 2374 2709 2427 2633 2439 2363 2439 2337 2423 2230 2439 2101 2423 2029 2439 1888 2423 1858 2439 1679 2423 1641 2439 1470 2439 1417 2423 1330 2439 1257 2423 1128 2423 1113 2439 1083 2423 1052 2439 961 2439 934 2423 809 2439 513 2427"/></Shape>
	    <String CONTENT="transept Sud. on pose le chevronnage de la [2e] travée. les travaux de"
                    HPOS="513"
                    VPOS="2344"
                    WIDTH="2196"
                    HEIGHT="95"></String>
          </TextLine>

          
          
          <TextLine ID="eSc_line_8bbea3ca"
                    
                    BASELINE="497 2518 2845 2509" 
                    HPOS="486"
                    VPOS="2431"
                    WIDTH="2356"
                    HEIGHT="118">
            <Shape><Polygon POINTS="494 2515 486 2435 2831 2431 2842 2507 2838 2530 1668 2530 1657 2530 1546 2549 1546 2549 1543 2549 490 2530"/></Shape>
	    <String CONTENT="plomberie se poursuivent sur les parties du grand comble qui ont été refaits"
                    HPOS="486"
                    VPOS="2431"
                    WIDTH="2356"
                    HEIGHT="118"></String>
          </TextLine>

          
          
          <TextLine ID="eSc_line_9703f4c8"
                    
                    BASELINE="463 2598 2846 2600" 
                    HPOS="459"
                    VPOS="2515"
                    WIDTH="2383"
                    HEIGHT="121">
            <Shape><Polygon POINTS="459 2594 459 2515 630 2515 634 2515 684 2541 798 2541 828 2515 832 2515 836 2515 839 2515 851 2515 1083 2541 1505 2541 1546 2515 1550 2515 1554 2515 1558 2515 1577 2515 1706 2537 2835 2522 2842 2598 2838 2629 459 2636"/></Shape>
	    <String CONTENT="dernièrement et [ulterieurement] sur les quatre crontrefiches de la flèche formant [gradins]"
                    HPOS="459"
                    VPOS="2515"
                    WIDTH="2383"
                    HEIGHT="121"></String>
          </TextLine>

          
          
          <TextLine ID="eSc_line_892ae755"
                    
                    BASELINE="532 2712 2764 2711" 
                    HPOS="520"
                    VPOS="2613"
                    WIDTH="2246"
                    HEIGHT="118">
            <Shape><Polygon POINTS="528 2708 520 2644 581 2613 581 2613 581 2613 585 2613 585 2613 589 2613 589 2613 589 2613 592 2613 592 2613 592 2613 646 2640 839 2621 839 2621 843 2621 843 2621 847 2621 847 2621 900 2640 953 2613 953 2613 953 2613 957 2613 957 2613 957 2613 961 2613 1299 2636 1463 2613 1463 2613 1467 2613 1467 2613 1467 2613 1470 2613 1470 2613 1470 2613 1520 2640 1634 2617 1634 2617 1634 2617 1638 2617 1638 2617 1641 2617 1641 2617 1641 2617 1645 2617 1645 2617 1672 2640 1740 2621 1744 2621 1744 2621 1744 2621 1748 2621 2021 2640 2048 2617 2048 2613 2048 2613 2052 2613 2052 2613 2052 2613 2056 2613 2056 2613 2056 2613 2059 2613 2538 2640 2656 2617 2656 2617 2656 2617 2660 2617 2660 2617 2664 2617 2766 2644 2762 2708 2762 2727 528 2731"/></Shape>
	    <String CONTENT="on poursuit la dépose de la partie supérieure de l&#39;[难 ] à [??]"
                    HPOS="520"
                    VPOS="2613"
                    WIDTH="2246"
                    HEIGHT="118"></String>
          </TextLine>

          
          
          <TextLine ID="eSc_line_b007e8bd"
                    
                    BASELINE="488 2796 2816 2796" 
                    HPOS="486"
                    VPOS="2708"
                    WIDTH="2326"
                    HEIGHT="133">
            <Shape><Polygon POINTS="486 2792 486 2716 1531 2731 1558 2724 1600 2708 1600 2708 1603 2708 1603 2708 1607 2708 1607 2708 1607 2708 1611 2708 1657 2724 1683 2735 1923 2735 1964 2727 2086 2708 2086 2708 2090 2708 2090 2708 2090 2708 2094 2708 2162 2727 2177 2735 2637 2735 2641 2731 2679 2712 2679 2712 2679 2712 2683 2712 2683 2712 2683 2712 2686 2712 2686 2712 2812 2735 2812 2792 2812 2815 2705 2837 2705 2837 2705 2837 2702 2837 2702 2837 2698 2837 2633 2818 2629 2818 2542 2818 1744 2837 1740 2837 1740 2837 1683 2826 1638 2818 1607 2826 1581 2837 1581 2837 1577 2837 1577 2837 1573 2837 1425 2830 1231 2818 1216 2830 1212 2834 1212 2837 1212 2837 1208 2837 1208 2837 1208 2837 1204 2837 1204 2837 1204 2841 980 2841 976 2837 976 2837 946 2834 843 2818 760 2837 744 2837 744 2837 744 2837 741 2837 741 2837 718 2837 558 2818 490 2837"/></Shape>
	    <String CONTENT="du transept sud jusqu&#39;au niveau des chapiteaux des petites colonnettes. on"
                    HPOS="486"
                    VPOS="2708"
                    WIDTH="2326"
                    HEIGHT="133"></String>
          </TextLine>

          
          
          <TextLine ID="eSc_line_1d165e83"
                    
                    BASELINE="490 2905 2802 2911" 
                    HPOS="478"
                    VPOS="2803"
                    WIDTH="2322"
                    HEIGHT="141">
            <Shape><Polygon POINTS="486 2902 482 2811 623 2803 627 2803 627 2803 627 2803 630 2803 630 2803 630 2803 646 2811 680 2830 710 2811 725 2803 725 2803 725 2803 729 2803 729 2803 729 2803 733 2803 733 2803 733 2803 737 2803 737 2803 756 2811 805 2837 1052 2837 1094 2815 1121 2803 1121 2803 1121 2803 1124 2803 1124 2803 1128 2803 1341 2803 1341 2803 1341 2803 1345 2803 1345 2803 1345 2803 1349 2803 1349 2803 1368 2818 1387 2834 1459 2818 1505 2811 1505 2811 1505 2811 1508 2811 1508 2811 1569 2818 1653 2834 1695 2822 1725 2811 1729 2811 1729 2811 1729 2811 1733 2811 1733 2811 1733 2811 1790 2822 1862 2837 1930 2822 1991 2811 1991 2811 1991 2811 1995 2811 1995 2811 2075 2826 2147 2837 2177 2826 2223 2807 2223 2807 2227 2807 2227 2807 2227 2807 2230 2807 2230 2807 2234 2807 2314 2826 2318 2826 2322 2826 2496 2807 2496 2807 2500 2807 2500 2807 2504 2807 2591 2830 2626 2837 2793 2834 2800 2910 2793 2932 1942 2925 1915 2925 1786 2944 1786 2944 1782 2944 1782 2944 1782 2944 1778 2944 1721 2925 1717 2925 1714 2925 1653 2944 1649 2944 1649 2944 1649 2944 1645 2944 1645 2944 1645 2944 1641 2944 1581 2925 1569 2921 1535 2925 1383 2940 1383 2940 1379 2940 1379 2940 1250 2921 1238 2921 1231 2921 1094 2940 1094 2940 1090 2940 1090 2940 1090 2940 1086 2940 1086 2940 1086 2940 1083 2940 1083 2940 1083 2936 1064 2921 1064 2921 1037 2921 900 2921 775 2940 775 2940 771 2940 771 2940 771 2940 767 2940 699 2921 554 2940 554 2940 551 2940 551 2940 547 2940 547 2940 478 2913"/></Shape>
	    <String CONTENT="termine les reprises [et] enduits des [portions] de tapisserie au dessus de la porte"
                    HPOS="478"
                    VPOS="2803"
                    WIDTH="2322"
                    HEIGHT="141"></String>
          </TextLine>

          
          
          <TextLine ID="eSc_line_38686652"
                    
                    BASELINE="450 3002 1600 3007" 
                    HPOS="440"
                    VPOS="2910"
                    WIDTH="1156"
                    HEIGHT="133">
            <Shape><Polygon POINTS="448 3001 448 2917 832 2932 862 2913 862 2913 866 2913 866 2913 866 2913 870 2913 870 2913 874 2913 874 2913 874 2913 877 2913 877 2913 881 2913 881 2913 908 2932 931 2913 934 2910 934 2910 938 2910 938 2910 938 2910 942 2910 942 2910 946 2910 1109 2910 1109 2910 1109 2910 1113 2910 1128 2913 1193 2936 1459 2936 1588 2913 1596 3005 1588 3031 1402 3016 1375 3031 1356 3039 1356 3039 1356 3039 1352 3039 1352 3039 1349 3039 1349 3039 1349 3039 1345 3039 1311 3027 1273 3016 1208 3027 1132 3039 1132 3039 1128 3039 1128 3039 1128 3039 1124 3039 1124 3039 1124 3039 1098 3024 1079 3016 1026 3024 923 3039 923 3039 919 3039 919 3039 915 3039 915 3039 915 3039 877 3020 866 3016 855 3020 805 3039 805 3039 801 3039 801 3039 798 3039 798 3039 798 3039 794 3039 722 3020 718 3016 714 3020 695 3035 695 3039 695 3039 691 3039 691 3039 691 3039 687 3039 687 3039 687 3043 520 3043 516 3039 516 3039 513 3039 513 3039 440 3012"/></Shape>
	    <String CONTENT="de gauche de la facade principale."
                    HPOS="440"
                    VPOS="2910"
                    WIDTH="1156"
                    HEIGHT="133"></String>
          </TextLine>

          
          
          <TextLine ID="eSc_line_265f29af"
                    
                    BASELINE="575 3108 2819 3081" 
                    HPOS="570"
                    VPOS="2997"
                    WIDTH="2246"
                    HEIGHT="125">
            <Shape><Polygon POINTS="573 3107 570 3020 817 3039 969 3016 1003 3012 1003 3012 1007 3012 1007 3012 1048 3016 1162 3027 1178 3016 1185 3008 1185 3008 1189 3008 1189 3008 1189 3008 1193 3008 1193 3008 1193 3008 1197 3008 1197 3008 1238 3016 1349 3035 1406 3012 1432 3005 1432 3005 1436 3005 1436 3005 1440 3005 1440 3005 1440 3005 1444 3005 1474 3012 1535 3031 1573 3012 1588 3005 1588 3005 1588 3005 1592 3005 1592 3005 1592 3005 1596 3005 1596 3005 1657 3012 1759 3031 1820 3031 1839 3012 1847 3005 1847 3001 1847 3001 1850 3001 1850 3001 1850 3001 1854 3001 1854 3001 1854 3001 1858 3001 1858 3001 1862 3001 1900 3012 1964 3027 2044 3027 2059 3012 2071 3001 2071 2997 2071 2997 2075 2997 2075 2997 2075 2997 2078 2997 2078 2997 2078 2997 2082 2997 2082 2997 2086 2997 2086 2997 2086 2997 2113 3008 2143 3024 2306 3024 2322 3008 2333 2997 2333 2997 2333 2997 2337 2997 2337 2997 2341 2997 2341 2997 2341 2997 2344 2997 2344 2997 2344 2997 2348 2997 2348 2997 2379 3008 2405 3020 2804 3008 2816 3077 2812 3111 573 3122"/></Shape>
	    <String CONTENT="Continuation des travaux de charpente pour le [comble] du transept sud"
                    HPOS="570"
                    VPOS="2997"
                    WIDTH="2246"
                    HEIGHT="125"></String>
          </TextLine>

          
          
          <TextLine ID="eSc_line_11588f11"
                    
                    BASELINE="543 3183 2827 3183" 
                    HPOS="543"
                    VPOS="3107"
                    WIDTH="2284"
                    HEIGHT="99">
            <Shape><Polygon POINTS="543 3153 543 3138 703 3126 763 3138 809 3111 908 3130 946 3107 1010 3115 1037 3138 1090 3111 1124 3138 1200 3138 1246 3119 1273 3138 1318 3138 1383 3107 1501 3107 1520 3126 1588 3122 1611 3138 1676 3138 1744 3107 1820 3138 1968 3138 2037 3107 2109 3138 2166 3107 2238 3111 2253 3126 2284 3107 2382 3107 2398 3122 2436 3107 2489 3138 2542 3138 2599 3107 2626 3126 2656 3111 2781 3126 2827 3107 2816 3206 2785 3191 2523 3206 2496 3187 2398 3206 2352 3206 2329 3187 2295 3206 2223 3187 2147 3202 2097 3187 2021 3202 1995 3191 1968 3206 1763 3206 1748 3191 1660 3206 1645 3191 1459 3191 1444 3206 1371 3191 1337 3206 1064 3191 1045 3206 904 3206 851 3187 805 3206 687 3187 627 3206 543 3191"/></Shape>
	    <String CONTENT="on commence le [clersonnage] des travées rapprochées de la fleche. les travaux"
                    HPOS="543"
                    VPOS="3107"
                    WIDTH="2284"
                    HEIGHT="99"></String>
          </TextLine>

          
          
          <TextLine ID="eSc_line_efb863a9"
                    
                    BASELINE="459 3288 2813 3286" 
                    HPOS="448"
                    VPOS="3191"
                    WIDTH="2364"
                    HEIGHT="129">
            <Shape><Polygon POINTS="456 3286 448 3210 805 3191 809 3191 809 3191 809 3191 813 3191 813 3191 817 3191 817 3191 817 3191 836 3210 843 3217 1349 3217 1364 3210 1432 3191 1436 3191 1436 3191 1436 3191 1440 3191 1440 3191 1444 3191 1527 3210 1539 3214 1539 3214 1565 3191 1565 3191 1569 3191 1569 3191 1569 3191 1573 3191 1573 3191 1577 3191 1691 3191 1691 3191 1691 3191 1695 3191 1695 3191 1695 3191 1736 3214 1744 3217 1995 3217 1999 3214 2037 3191 2040 3191 2040 3191 2044 3191 2044 3191 2044 3191 2048 3191 2048 3191 2048 3191 2052 3191 2052 3191 2056 3191 2090 3214 2116 3195 2120 3195 2120 3195 2120 3195 2124 3195 2124 3195 2128 3195 2128 3195 2253 3210 2276 3191 2276 3191 2280 3191 2280 3191 2280 3191 2284 3191 2284 3191 2287 3191 2607 3191 2607 3191 2607 3191 2610 3191 2610 3191 2610 3191 2614 3191 2645 3210 2709 3191 2713 3191 2713 3191 2713 3191 2717 3191 2717 3191 2721 3191 2808 3217 2812 3282 2812 3301 1660 3316 1657 3316 1657 3316 1653 3316 1653 3316 1653 3316 1649 3316 1626 3297 1619 3297 1333 3297 1330 3297 1303 3316 1299 3316 1299 3316 1299 3316 1295 3316 1295 3316 1295 3320 988 3320 984 3316 984 3316 851 3297 847 3297 843 3297 790 3316 790 3316 786 3316 786 3316 782 3316 782 3316 779 3316 779 3316 722 3297 722 3297 722 3297 577 3316 577 3316 573 3316 573 3316 452 3293"/></Shape>
	    <String CONTENT="de plomberie se poursuivent sur les deux parties de comble de la nef et du"
                    HPOS="448"
                    VPOS="3191"
                    WIDTH="2364"
                    HEIGHT="129"></String>
          </TextLine>

          
          
          <TextLine ID="eSc_line_60613d9c"
                    
                    BASELINE="524 3377 2398 3377" 
                    HPOS="524"
                    VPOS="3301"
                    WIDTH="1874"
                    HEIGHT="110">
            <Shape><Polygon POINTS="524 3347 524 3305 539 3301 604 3324 661 3301 741 3331 1071 3331 1113 3312 1174 3331 1231 3301 1345 3301 1368 3324 1413 3324 1432 3305 1558 3305 1577 3324 1615 3301 1657 3301 1691 3331 1820 3331 1839 3312 1923 3316 1942 3301 2078 3309 2116 3331 2185 3331 2261 3301 2398 3324 2398 3381 2356 3411 2280 3381 2234 3381 2204 3411 2120 3411 2082 3381 1980 3381 1904 3411 1740 3411 1706 3396 1683 3411 1581 3411 1543 3385 1501 3396 1482 3381 1413 3411 1330 3381 1276 3396 1250 3381 1216 3400 1181 3385 1136 3400 1117 3381 1067 3396 976 3381 946 3411 763 3381 687 3411 608 3385 524 3381"/></Shape>
	    <String CONTENT="choeur ainsi que sur les contrefiches diagonales formant [gradins]."
                    HPOS="524"
                    VPOS="3301"
                    WIDTH="1874"
                    HEIGHT="110"></String>
          </TextLine>

          
          
          <TextLine ID="eSc_line_17e16081"
                    
                    BASELINE="581 3472 2789 3472" 
                    HPOS="581"
                    VPOS="3407"
                    WIDTH="2208"
                    HEIGHT="99">
            <Shape><Polygon POINTS="581 3442 581 3411 611 3426 634 3411 657 3434 748 3434 767 3415 832 3434 953 3434 976 3419 1029 3434 1064 3407 1094 3423 1109 3407 1197 3407 1227 3434 1333 3434 1360 3407 1436 3430 1467 3407 1558 3407 1600 3434 1660 3419 1725 3434 1752 3411 1786 3434 1953 3434 1980 3411 2029 3426 2056 3407 2116 3430 2154 3411 2185 3434 2230 3407 2291 3434 2325 3434 2360 3407 2420 3423 2489 3411 2527 3434 2645 3407 2675 3423 2755 3407 2789 3419 2789 3499 2743 3506 2664 3491 2603 3502 2588 3487 2538 3502 2504 3487 2481 3506 2455 3487 2401 3506 2325 3487 2299 3506 2238 3483 2204 3506 2120 3506 2052 3480 1938 3480 1862 3506 1782 3506 1744 3480 1698 3499 1668 3480 1531 3480 1501 3495 1448 3480 1417 3506 1360 3480 1223 3480 1189 3506 1121 3506 1045 3480 1003 3499 972 3480 847 3480 801 3499 748 3487 729 3506 581 3491"/></Shape>
	    <String CONTENT="on poursuit la dispose de l&#39;[ouverture] à jour de la facade du transept Sud"
                    HPOS="581"
                    VPOS="3407"
                    WIDTH="2208"
                    HEIGHT="99"></String>
          </TextLine>

          
          
          <TextLine ID="eSc_line_0f47bc17"
                    
                    BASELINE="528 3571 2797 3571" 
                    HPOS="528"
                    VPOS="3499"
                    WIDTH="2269"
                    HEIGHT="98">
            <Shape><Polygon POINTS="528 3540 528 3525 592 3510 619 3525 733 3525 760 3502 813 3514 836 3499 885 3525 980 3525 1007 3499 1075 3499 1143 3525 1200 3499 1292 3499 1337 3525 1470 3525 1501 3499 1626 3499 1668 3521 1691 3502 1755 3502 1801 3525 1862 3510 2223 3525 2253 3499 2306 3514 2333 3502 2348 3518 2409 3499 2690 3499 2728 3514 2797 3499 2797 3597 2766 3582 2724 3597 2576 3597 2519 3575 2432 3575 2417 3590 2390 3575 2367 3597 2314 3575 2219 3575 2177 3597 2059 3597 2006 3575 1934 3594 1904 3578 1881 3597 1805 3594 1771 3575 1729 3597 1702 3575 1573 3575 1531 3594 1478 3575 1451 3597 1429 3582 1360 3597 1326 3575 1273 3575 1238 3597 1193 3597 1170 3575 1056 3575 1010 3597 953 3575 912 3590 893 3575 718 3575 634 3597 528 3597"/></Shape>
	    <String CONTENT="jusqu&#39;au niveau des chapiteaux des colonettes. on prépare le [chainage]"
                    HPOS="528"
                    VPOS="3499"
                    WIDTH="2269"
                    HEIGHT="98"></String>
          </TextLine>

          
          
          <TextLine ID="eSc_line_b2f5e543"
                    
                    BASELINE="526 3664 2542 3662" 
                    HPOS="513"
                    VPOS="3571"
                    WIDTH="2025"
                    HEIGHT="136">
            <Shape><Polygon POINTS="524 3662 513 3605 642 3571 646 3571 646 3571 649 3571 908 3571 908 3571 908 3571 912 3571 912 3571 912 3571 915 3571 915 3571 915 3575 938 3597 1010 3571 1010 3571 1014 3571 1014 3571 1018 3571 1018 3571 1254 3597 1455 3575 1455 3575 1459 3575 1459 3575 1463 3575 1463 3575 1463 3575 1467 3575 1505 3597 1740 3597 1771 3571 1771 3571 1774 3571 1774 3571 1774 3571 1778 3571 1778 3571 1782 3571 1782 3571 1782 3571 1786 3571 1786 3571 1786 3571 1839 3597 1896 3578 1900 3578 1900 3578 1900 3578 1904 3578 1904 3578 2063 3597 2318 3571 2318 3571 2322 3571 2322 3571 2531 3601 2538 3658 2534 3688 2059 3704 2056 3704 2056 3704 2056 3704 2052 3704 2025 3696 1964 3677 1839 3696 1790 3704 1790 3704 1786 3704 1786 3704 1786 3704 1782 3704 1782 3704 1767 3696 1725 3681 1649 3700 1638 3700 1638 3700 1638 3700 1634 3700 1634 3700 1634 3700 1630 3700 1630 3700 1626 3700 1626 3700 1626 3700 1626 3700 1600 3677 1041 3677 1014 3696 1014 3696 1010 3696 1010 3696 1010 3696 1007 3696 1007 3696 1003 3696 1003 3696 1003 3696 999 3696 999 3696 999 3696 961 3677 790 3696 790 3696 786 3696 786 3696 676 3677 524 3707"/></Shape>
	    <String CONTENT="qui doit relier cette série de colonnettes aux gros contreforts d&#39;angle"
                    HPOS="513"
                    VPOS="3571"
                    WIDTH="2025"
                    HEIGHT="136"></String>
          </TextLine>

          
          
          <TextLine ID="eSc_line_a605e9d2"
                    
                    BASELINE="538 3770 2800 3764" 
                    HPOS="524"
                    VPOS="3669"
                    WIDTH="2273"
                    HEIGHT="114">
            <Shape><Polygon POINTS="535 3768 524 3704 638 3673 642 3673 642 3673 646 3673 1014 3673 1014 3673 1014 3673 1018 3673 1018 3673 1018 3673 1022 3673 1022 3673 1056 3700 1056 3704 1330 3704 1330 3700 1383 3673 1383 3673 1383 3673 1387 3673 1387 3673 1387 3673 1390 3673 1390 3673 1394 3673 1394 3673 1463 3700 1467 3700 1638 3700 1881 3700 1942 3669 1942 3669 1945 3669 1945 3669 1949 3669 2056 3669 2056 3669 2056 3669 2059 3669 2059 3669 2059 3669 2063 3669 2063 3669 2063 3673 2090 3696 2189 3669 2192 3669 2192 3669 2196 3669 2196 3669 2196 3669 2200 3669 2284 3696 2322 3669 2325 3669 2325 3669 2325 3669 2329 3669 2329 3669 2333 3669 2333 3669 2333 3669 2337 3669 2337 3669 2337 3669 2341 3669 2379 3696 2504 3669 2504 3669 2504 3669 2508 3669 2789 3700 2797 3761 2793 3776 535 3783"/></Shape>
	    <String CONTENT="on termine le grattage et le [??] des voutes hautes du transept"
                    HPOS="524"
                    VPOS="3669"
                    WIDTH="2273"
                    HEIGHT="114"></String>
          </TextLine>

          
          
          <TextLine ID="eSc_line_698419b2"
                    
                    BASELINE="511 3871 2770 3852" 
                    HPOS="494"
                    VPOS="3761"
                    WIDTH="2272"
                    HEIGHT="148">
            <Shape><Polygon POINTS="509 3867 494 3799 573 3776 577 3776 577 3776 581 3776 581 3776 706 3795 744 3799 862 3791 1075 3780 1079 3780 1079 3780 1079 3780 1124 3787 1155 3795 1178 3787 1223 3772 1223 3772 1227 3772 1227 3772 1231 3772 1573 3783 1839 3791 1850 3780 1854 3772 1858 3772 1858 3768 1858 3768 1862 3768 1862 3768 1862 3768 1866 3768 1866 3768 1869 3768 1869 3768 1953 3776 2033 3787 2067 3776 2101 3764 2105 3764 2105 3764 2105 3764 2109 3764 2261 3772 2417 3783 2439 3772 2455 3761 2458 3761 2458 3761 2458 3761 2462 3761 2462 3761 2466 3761 2466 3761 2572 3768 2728 3783 2747 3768 2766 3848 2762 3890 1900 3878 1835 3901 1828 3901 1824 3901 1824 3901 1824 3905 1622 3905 1619 3901 1603 3901 1421 3882 1356 3905 1349 3905 1345 3905 1345 3905 1345 3905 1341 3905 1299 3905 1045 3886 1026 3901 1026 3905 1026 3905 1022 3905 1022 3905 1022 3905 1022 3905 1018 3905 1018 3905 1014 3905 1003 3905 608 3890 509 3909"/></Shape>
	    <String CONTENT="sud ainsi que celui de la face intérieure de le même transept formant"
                    HPOS="494"
                    VPOS="3761"
                    WIDTH="2272"
                    HEIGHT="148"></String>
          </TextLine>

          
          
          <TextLine ID="eSc_line_507c3ff0"
                    
                    BASELINE="539 3954 1543 3954" 
                    HPOS="539"
                    VPOS="3882"
                    WIDTH="1004"
                    HEIGHT="91">
            <Shape><Polygon POINTS="539 3924 573 3901 657 3901 706 3882 741 3913 794 3894 885 3913 988 3913 1010 3894 1064 3913 1117 3882 1280 3882 1311 3913 1371 3913 1390 3897 1425 3909 1478 3882 1543 3882 1539 3973 1444 3973 1429 3958 1333 3973 1299 3958 1269 3973 1147 3958 912 3958 896 3973 858 3958 820 3973 760 3958 710 3973 661 3958 581 3973 539 3962"/></Shape>
	    <String CONTENT="sur les collatéraux de la nef."
                    HPOS="539"
                    VPOS="3882"
                    WIDTH="1004"
                    HEIGHT="91"></String>
          </TextLine>

          
          
          <TextLine ID="eSc_line_519f6fca"
                    
                    BASELINE="391 4046 475 4048" 
                    HPOS="380"
                    VPOS="3973"
                    WIDTH="91"
                    HEIGHT="99">
            <Shape><Polygon POINTS="387 4042 383 3981 467 3973 471 4046 463 4072 380 4057"/></Shape>
	    <String CONTENT="11"
                    HPOS="380"
                    VPOS="3973"
                    WIDTH="91"
                    HEIGHT="99"></String>
          </TextLine>

          
          
          <TextLine ID="eSc_line_51ff109b"
                    
                    BASELINE="551 4042 2823 4034" 
                    HPOS="547"
                    VPOS="3970"
                    WIDTH="2272"
                    HEIGHT="95">
            <Shape><Polygon POINTS="547 4011 547 3985 570 3973 604 3989 668 3977 706 4000 748 3985 767 4000 919 4000 946 3973 1079 3973 1113 3989 1140 3977 1193 4000 1455 4000 1581 3973 1790 3996 1809 3977 1869 3970 2113 3970 2147 3989 2246 3977 2272 3992 2417 3970 2447 3996 2808 3985 2819 4004 2800 4061 2686 4042 2527 4061 2481 4046 2428 4061 2360 4061 2344 4046 2257 4057 2238 4042 2189 4057 2166 4046 2124 4061 1961 4061 1945 4046 1854 4057 1797 4038 1767 4053 1584 4046 1562 4065 1478 4038 1299 4038 1280 4057 1242 4046 1197 4061 1178 4046 1159 4065 1090 4065 1052 4046 923 4038 908 4053 855 4042 828 4057 744 4042 706 4065 562 4042 547 4065"/></Shape>
	    <String CONTENT="on poursuit la reprise [pour] [??] des tympans au dessus des arcs"
                    HPOS="547"
                    VPOS="3970"
                    WIDTH="2272"
                    HEIGHT="95"></String>
          </TextLine>

          
          
          <TextLine ID="eSc_line_320d1e78"
                    
                    BASELINE="535 4151 2826 4140" 
                    HPOS="520"
                    VPOS="4053"
                    WIDTH="2303"
                    HEIGHT="133">
            <Shape><Polygon POINTS="532 4148 520 4091 577 4068 577 4068 581 4068 581 4068 581 4068 585 4068 585 4068 589 4068 589 4068 630 4084 649 4065 649 4061 649 4061 653 4061 653 4061 653 4061 657 4061 657 4061 657 4061 661 4061 893 4080 991 4061 991 4061 991 4061 995 4061 995 4061 999 4061 999 4061 999 4061 1045 4084 1242 4084 1280 4057 1284 4057 1284 4057 1284 4057 1288 4057 1288 4057 1292 4057 1292 4057 1292 4057 1402 4080 1470 4057 1474 4057 1474 4057 1474 4057 1478 4057 1478 4057 1478 4057 1482 4057 1550 4084 1748 4084 2018 4084 2018 4080 2044 4057 2044 4053 2044 4053 2048 4053 2048 4053 2048 4053 2052 4053 2052 4053 2056 4053 2056 4053 2056 4053 2059 4053 2059 4053 2105 4072 2177 4053 2181 4053 2181 4053 2185 4053 2185 4053 2371 4076 2371 4076 2375 4076 2477 4057 2477 4057 2477 4057 2481 4057 2816 4076 2823 4137 2816 4171 1907 4156 1691 4179 1687 4179 1687 4179 1683 4179 1683 4179 1683 4179 1679 4179 1679 4179 1679 4179 1630 4156 1417 4156 1045 4182 1045 4182 1041 4182 1041 4182 1041 4182 1041 4182 1037 4182 1037 4182 1037 4182 1033 4182 1033 4182 1007 4160 904 4179 904 4179 904 4179 900 4179 634 4160 535 4186"/></Shape>
	    <String CONTENT="[??] des collateraux du choeur ouvrant sur le transept sud, ainsi que"
                    HPOS="520"
                    VPOS="4053"
                    WIDTH="2303"
                    HEIGHT="133"></String>
          </TextLine>

          
          
          <TextLine ID="eSc_line_1bccc262"
                    
                    BASELINE="513 4236 2842 4242" 
                    HPOS="505"
                    VPOS="4148"
                    WIDTH="2333"
                    HEIGHT="129">
            <Shape><Polygon POINTS="509 4232 520 4148 535 4171 893 4171 927 4152 934 4148 934 4148 934 4148 938 4148 938 4148 938 4148 942 4148 942 4148 969 4152 1071 4167 1128 4152 1147 4148 1151 4148 1151 4148 1155 4148 1155 4148 1155 4148 1159 4148 1159 4148 1159 4148 1170 4152 1197 4167 1242 4152 1261 4148 1265 4148 1265 4148 1265 4148 1269 4148 1269 4148 1273 4148 1273 4148 1288 4152 1322 4167 1409 4156 1459 4148 1459 4148 1463 4148 1463 4148 1535 4156 1679 4175 1831 4175 1850 4160 1854 4152 1854 4152 1858 4152 1858 4152 1858 4152 1862 4152 1862 4152 1866 4152 2835 4167 2838 4239 2835 4258 2588 4258 2588 4258 2565 4277 2565 4277 2561 4277 2561 4277 2561 4277 2557 4277 2557 4277 2557 4277 2553 4277 2553 4277 2550 4277 2474 4258 2470 4258 2318 4258 2318 4258 2295 4277 2295 4277 2291 4277 2291 4277 2291 4277 2287 4277 2287 4277 2287 4277 2284 4277 1892 4258 1866 4258 1854 4258 1695 4277 1695 4277 1691 4277 1691 4277 1687 4277 1687 4277 1687 4277 1649 4258 1641 4255 1592 4258 1440 4274 1436 4274 505 4258"/></Shape>
	    <String CONTENT="la serrure des [croisées] hautes qui surmontent les petites roses de la face latérale"
                    HPOS="505"
                    VPOS="4148"
                    WIDTH="2333"
                    HEIGHT="129"></String>
          </TextLine>

          
          
          <TextLine ID="eSc_line_85b0170a"
                    
                    BASELINE="535 4323 1432 4331" 
                    HPOS="532"
                    VPOS="4251"
                    WIDTH="900"
                    HEIGHT="102">
            <Shape><Polygon POINTS="535 4293 535 4266 562 4251 604 4251 634 4281 885 4281 984 4258 1083 4274 1140 4255 1185 4285 1242 4285 1273 4258 1429 4255 1432 4300 1429 4334 1379 4350 1318 4338 1288 4353 1128 4353 984 4331 836 4331 767 4350 699 4331 665 4350 562 4331 532 4342"/></Shape>
	    <String CONTENT="est de l[e] [??] transept."
                    HPOS="532"
                    VPOS="4251"
                    WIDTH="900"
                    HEIGHT="102"></String>
          </TextLine>

          
        </TextBlock>
        
      </PrintSpace>
    </Page>
  </Layout>
</alto>
