<?xml version="1.0" encoding="UTF-8"?>
<alto xmlns:xsi="http://www.w3.org/2001/XMLSchema-instance"
      xmlns="http://www.loc.gov/standards/alto/ns-v4#"
      xsi:schemaLocation="http://www.loc.gov/standards/alto/ns-v4# http://www.loc.gov/standards/alto/v4/alto-4-2.xsd">
  <Description>
    <MeasurementUnit>pixel</MeasurementUnit>
    <sourceImageInformation>
      <fileName>Notre_Dame_git.pdf_page_9.png</fileName>
      
    </sourceImageInformation>
  </Description>
  
  <Tags>
    <OtherTag ID="BT2" LABEL="Main" DESCRIPTION="block type Main"/><OtherTag ID="BT4" LABEL="Illustration" DESCRIPTION="block type Illustration"/><OtherTag ID="BT1411" LABEL="folio" DESCRIPTION="block type folio"/><OtherTag ID="BT1412" LABEL="année" DESCRIPTION="block type année"/><OtherTag ID="BT1453" LABEL="Marge" DESCRIPTION="block type Marge"/>
    
  </Tags>
  
  <Layout>
    <Page WIDTH="2858"
          HEIGHT="4559"
          PHYSICAL_IMG_NR="8"
          ID="eSc_dummypage_">
      <PrintSpace HPOS="0"
                  VPOS="0"
                  WIDTH="2858"
                  HEIGHT="4559">
        
        <TextBlock HPOS="3"
                   VPOS="122"
                   WIDTH="475"
                   HEIGHT="4330"
                   ID="eSc_textblock_f8c66870"
                   TAGREFS="BT">
          <Shape><Polygon POINTS="3 122 33 1213 33 4452 478 4452 478 184 303 167 254 171 192 131"/></Shape>
          
        </TextBlock>
        
        <TextBlock HPOS="426"
                   VPOS="0"
                   WIDTH="2424"
                   HEIGHT="4387"
                   ID="eSc_textblock_48742860"
                   TAGREFS="BT">
          <Shape><Polygon POINTS="2827 31 2827 1010 2827 1170 2827 1283 2827 1311 2827 1461 2827 1818 2827 1950 2850 2537 2827 2725 2827 2865 2842 4387 494 4383 479 3298 448 3252 485 3202 484 3012 435 2969 484 2926 487 2822 453 2757 493 2711 492 2058 448 2020 488 1946 485 1861 426 1839 494 1747 494 1658 494 1195 493 914 492 501 490 0 1701 16"/></Shape>
          
        </TextBlock>
        
        <TextBlock HPOS="303"
                   VPOS="43"
                   WIDTH="184"
                   HEIGHT="118"
                   ID="eSc_textblock_e28f0ebb"
                   TAGREFS="BT1411">
          <Shape><Polygon POINTS="303 43 303 161 487 161 487 43 379 43"/></Shape>
          
        </TextBlock>
        
        <TextBlock HPOS="81"
                   VPOS="6"
                   WIDTH="270"
                   HEIGHT="126"
                   ID="eSc_textblock_6bb9d763"
                   TAGREFS="BT1412">
          <Shape><Polygon POINTS="160 9 81 114 351 132 351 6"/></Shape>
          
        </TextBlock>
        

        
        <TextBlock ID="eSc_dummyblock_">
          
          
          <TextLine ID="eSc_line_c89019c6"
                    
                    BASELINE="505 68 505 55" 
                    HPOS="452"
                    VPOS="53"
                    WIDTH="68"
                    HEIGHT="15">
            <Shape><Polygon POINTS="501 64 456 68 452 56 501 53 520 53 520 60"/></Shape>
	    <String CONTENT="&quot;"
                    HPOS="452"
                    VPOS="53"
                    WIDTH="68"
                    HEIGHT="15"></String>
          </TextLine>

          
          
          <TextLine ID="eSc_line_0e0d2297"
                    
                    BASELINE="60 110 475 125" 
                    HPOS="57"
                    VPOS="0"
                    WIDTH="418"
                    HEIGHT="132">
            <Shape><Polygon POINTS="60 79 60 26 186 34 224 0 456 0 475 22 471 125 456 132 323 129 292 110 247 121 231 106 171 125 152 102 102 102 83 121 57 102"/></Shape>
	    <String CONTENT="1860"
                    HPOS="57"
                    VPOS="0"
                    WIDTH="418"
                    HEIGHT="132"></String>
          </TextLine>

          
          
          <TextLine ID="eSc_line_187cadf3"
                    
                    BASELINE="34 220 2812 212" 
                    HPOS="30"
                    VPOS="132"
                    WIDTH="2778"
                    HEIGHT="114">
            <Shape><Polygon POINTS="30 189 34 136 129 136 174 170 338 136 402 167 478 136 668 136 786 170 908 170 953 148 1014 167 1060 144 1140 148 1166 170 1284 136 1349 155 1421 144 1489 167 1581 167 1622 132 1679 167 1828 167 1885 132 1987 132 2078 167 2116 148 2162 167 2242 167 2325 132 2394 167 2428 144 2474 151 2504 132 2610 167 2732 151 2804 167 2808 182 2808 216 2770 235 2683 224 2648 243 2284 243 2261 227 2177 243 2132 224 2071 224 2037 243 2010 220 1824 243 1729 220 1679 243 1584 243 1562 227 1489 243 1413 224 1364 243 1238 227 1060 246 995 224 953 239 801 224 741 243 703 227 532 224 478 246 448 224 368 224 319 246 288 224 212 224 152 227 129 246 30 246"/></Shape>
	    <String CONTENT="Septembre 17 [??] des terrasses que surmontent la galerie du [??] du"
                    HPOS="30"
                    VPOS="132"
                    WIDTH="2778"
                    HEIGHT="114"></String>
          </TextLine>

          
          
          <TextLine ID="eSc_line_6b9ae4d2"
                    
                    BASELINE="490 303 2778 311" 
                    HPOS="486"
                    VPOS="235"
                    WIDTH="2292"
                    HEIGHT="95">
            <Shape><Polygon POINTS="490 273 490 258 558 235 634 235 676 262 733 262 794 235 847 235 877 254 908 235 1010 235 1037 250 1155 235 1181 262 1265 262 1284 246 1364 262 1413 235 1562 235 1638 265 1812 265 1854 239 1896 254 1919 243 1942 265 1991 239 2063 243 2113 265 2230 239 2268 265 2382 265 2436 239 2493 265 2572 265 2603 239 2648 239 2690 265 2747 250 2778 281 2774 315 2713 330 2622 315 2599 330 2322 330 2303 315 2086 330 2037 315 1657 330 1615 311 1531 326 1501 311 1242 311 1193 326 1178 311 1067 311 1048 326 486 322"/></Shape>
	    <String CONTENT="choeur 难 et des [parsements] des murs entre les croisées hautes du choeur"
                    HPOS="486"
                    VPOS="235"
                    WIDTH="2292"
                    HEIGHT="95"></String>
          </TextLine>

          
          
          <TextLine ID="eSc_line_814db30a"
                    
                    BASELINE="509 406 2831 406" 
                    HPOS="509"
                    VPOS="334"
                    WIDTH="2322"
                    HEIGHT="95">
            <Shape><Polygon POINTS="509 376 509 334 585 334 630 364 741 341 767 364 893 360 923 334 988 334 1041 360 1079 341 1124 364 1174 334 1326 334 1394 353 1421 341 1444 364 1531 349 1626 364 1653 345 1691 364 1820 364 1835 349 1854 364 1926 364 1942 349 2010 364 2029 345 2086 353 2101 338 2147 338 2189 364 2208 349 2257 357 2291 334 2352 364 2436 364 2512 341 2565 364 2648 364 2732 334 2785 334 2831 364 2831 414 2816 421 2667 410 2580 429 2272 429 2246 410 2215 425 2185 410 2071 410 2052 429 2006 414 1968 429 1949 410 1926 425 1839 410 1782 429 1721 414 1657 429 1634 406 1600 406 1581 425 1482 410 1432 429 1387 406 1235 406 1208 425 1166 406 1075 429 1037 410 980 429 953 406 870 421 839 406 817 421 706 406 661 410 642 429 509 429"/></Shape>
	    <String CONTENT="jusqu&#39;aux chapiteaux des [meneaux]. on monte un échafaudage interieur"
                    HPOS="509"
                    VPOS="334"
                    WIDTH="2322"
                    HEIGHT="95"></String>
          </TextLine>

          
          
          <TextLine ID="eSc_line_a8707585"
                    
                    BASELINE="505 505 2819 497" 
                    HPOS="501"
                    VPOS="425"
                    WIDTH="2315"
                    HEIGHT="103">
            <Shape><Polygon POINTS="501 474 558 436 611 459 672 459 722 429 817 440 836 459 980 459 1014 429 1299 429 1318 448 1345 429 1390 444 1425 429 1482 459 1554 429 1683 448 1778 425 1847 448 1885 425 1938 425 1961 444 1976 429 2006 448 2021 436 2211 455 2622 455 2648 429 2705 433 2724 452 2759 433 2816 467 2800 520 2713 501 2698 516 2637 509 2610 524 2588 509 2519 524 2496 509 2477 524 2314 524 2268 509 2238 524 2162 505 2135 524 2097 509 1995 520 1942 505 1877 520 1839 501 1782 524 1710 505 1649 528 1554 505 1501 509 1482 528 1455 509 1429 528 1371 528 1345 505 1284 509 1261 528 1124 528 1098 505 965 520 877 509 771 528 748 505 566 505 539 524 501 505"/></Shape>
	    <String CONTENT="pour les reprises des [??] au dessus de l&#39;entrée des collatéraux du choeur"
                    HPOS="501"
                    VPOS="425"
                    WIDTH="2315"
                    HEIGHT="103"></String>
          </TextLine>

          
          
          <TextLine ID="eSc_line_1b72a0c7"
                    
                    BASELINE="471 588 2329 600" 
                    HPOS="467"
                    VPOS="520"
                    WIDTH="1862"
                    HEIGHT="99">
            <Shape><Polygon POINTS="471 558 471 531 505 520 608 550 687 550 714 524 752 550 775 535 813 550 953 550 984 528 1090 520 1147 554 1197 539 1223 554 1436 554 1474 531 1505 554 1581 554 1619 528 1744 528 1793 558 1862 558 1911 528 1945 558 1995 539 2025 558 2063 531 2075 543 2101 528 2287 528 2329 569 2325 611 2291 619 2223 619 2204 604 2018 604 2002 619 1964 604 1611 615 1596 600 1440 615 1299 600 1231 615 1037 600 991 611 969 596 942 611 467 604"/></Shape>
	    <String CONTENT="dans le transept Sud comme il a été fait du coté Nord."
                    HPOS="467"
                    VPOS="520"
                    WIDTH="1862"
                    HEIGHT="99"></String>
          </TextLine>

          
          
          <TextLine ID="eSc_line_429729bb"
                    
                    BASELINE="380 691 2800 683" 
                    HPOS="376"
                    VPOS="615"
                    WIDTH="2421"
                    HEIGHT="114">
            <Shape><Polygon POINTS="376 661 383 626 429 634 448 619 539 619 577 642 630 623 710 642 741 619 855 642 934 619 991 642 1109 623 1200 642 1531 642 1565 619 1611 638 1706 638 1759 615 1866 619 1885 634 1934 619 1964 630 1980 615 2056 634 2120 615 2181 638 2280 623 2318 638 2531 638 2607 615 2629 638 2702 638 2793 615 2797 653 2793 695 2679 721 2626 699 2580 721 2493 706 2462 721 2424 699 2341 721 2325 706 2253 702 2185 718 2116 695 1877 695 1831 710 1717 695 1645 721 1615 695 1573 725 1486 725 1436 699 1295 699 1276 714 1174 699 1143 718 1109 699 1064 721 980 699 881 699 767 725 657 725 638 706 562 699 535 725 376 729"/></Shape>
	    <String CONTENT="19 [难19] on poursuit la converture en plomb des travées de charpente qui ont"
                    HPOS="376"
                    VPOS="615"
                    WIDTH="2421"
                    HEIGHT="114"></String>
          </TextLine>

          
          
          <TextLine ID="eSc_line_e313893d"
                    
                    BASELINE="505 790 2816 790" 
                    HPOS="505"
                    VPOS="725"
                    WIDTH="2311"
                    HEIGHT="91">
            <Shape><Polygon POINTS="505 759 615 733 699 748 737 725 965 725 1003 748 1052 725 1086 740 1159 725 1189 744 1238 725 1276 744 1318 733 1371 748 1413 725 1630 725 1691 748 1786 725 1820 748 1881 748 1930 725 1983 725 2025 748 2063 748 2090 725 2132 748 2420 748 2455 725 2485 744 2531 725 2576 748 2607 725 2664 725 2702 748 2770 748 2797 725 2816 737 2816 797 2762 797 2743 816 2648 797 2580 816 2512 816 2493 801 2436 816 2417 801 2341 816 2265 816 2246 801 2192 816 2078 816 2063 801 2040 816 1964 816 1938 797 1512 797 1448 816 1398 797 1151 797 1113 816 1018 816 961 797 923 813 900 797 828 813 756 797 737 816 505 801"/></Shape>
	    <String CONTENT="été refaites de chaque coté de la flèche (choeur et nef) on a posé le faitage"
                    HPOS="505"
                    VPOS="725"
                    WIDTH="2311"
                    HEIGHT="91"></String>
          </TextLine>

          
          
          <TextLine ID="eSc_line_9f7789e6"
                    
                    BASELINE="505 889 2806 895" 
                    HPOS="494"
                    VPOS="809"
                    WIDTH="2310"
                    HEIGHT="114">
            <Shape><Polygon POINTS="501 885 497 813 2797 809 2804 892 2800 900 2603 923 2603 923 2599 923 2599 923 2466 904 2458 904 2451 904 2238 923 2238 923 2234 923 1896 904 1847 904 1828 904 1702 923 1702 923 1698 923 1698 923 1493 908 1406 900 1371 908 1314 919 1314 919 1314 919 1311 919 1311 919 1307 919 1307 919 1273 908 1250 900 1189 908 1090 919 1090 919 1086 919 494 908"/></Shape>
	    <String CONTENT="et les [fourchettes] en fer destinées à supporter la crète en plomb sur la travée"
                    HPOS="494"
                    VPOS="809"
                    WIDTH="2310"
                    HEIGHT="114"></String>
          </TextLine>

          
          
          <TextLine ID="eSc_line_a04a0083"
                    
                    BASELINE="507 982 2785 991" 
                    HPOS="501"
                    VPOS="896"
                    WIDTH="2280"
                    HEIGHT="122">
            <Shape><Polygon POINTS="505 980 505 896 2778 908 2781 987 2781 991 2603 1014 2603 1018 2496 1018 2493 1014 2493 1014 2489 1014 2489 1014 2489 1014 2485 1014 2485 1014 2485 1010 2481 1010 2470 995 2470 995 2470 995 2287 1014 2287 1014 2284 1014 2284 1014 2284 1014 2280 1014 2280 1014 2238 995 2234 995 2223 995 2037 1014 2033 1014 2033 1014 1862 995 1835 995 501 999"/></Shape>
	    <String CONTENT="du choeur. on pose le socle formant cheneau a la [1ère] travée de la nef Nord."
                    HPOS="501"
                    VPOS="896"
                    WIDTH="2280"
                    HEIGHT="122"></String>
          </TextLine>

          
          
          <TextLine ID="eSc_line_5c5675df"
                    
                    BASELINE="384 1080 2819 1071" 
                    HPOS="368"
                    VPOS="983"
                    WIDTH="2448"
                    HEIGHT="118">
            <Shape><Polygon POINTS="383 1078 368 1025 410 991 410 991 414 991 414 991 414 991 418 991 418 991 418 991 421 991 421 991 577 1021 779 1021 832 991 832 991 832 991 836 991 836 991 839 991 1041 991 1041 991 1041 991 1045 991 1045 991 1048 991 1048 991 1083 1018 1086 1018 1094 1018 1280 999 1280 999 1284 999 1284 999 1387 1014 1394 1014 1394 1014 1432 987 1436 987 1436 987 1436 987 1440 987 1440 987 1440 987 1444 987 1444 987 1448 987 1448 987 1501 1006 1558 987 1562 987 1562 987 1562 987 1565 987 1565 987 1569 987 1569 987 1569 987 1573 987 1607 1010 1611 1014 1619 1010 1683 987 1683 987 1687 987 1687 987 1691 987 1691 987 1691 987 1695 987 1695 987 1695 987 1740 1010 1748 1014 1790 1010 1923 991 1923 991 1926 991 1926 991 1926 991 1930 991 1930 991 1934 991 1961 1006 1976 1014 2154 1014 2173 1006 2238 983 2242 983 2242 983 2242 983 2246 983 2246 983 2249 983 2249 983 2249 983 2287 1002 2299 1010 2306 1002 2325 987 2325 983 2325 983 2329 983 2329 983 2333 983 2333 983 2333 983 2337 983 2337 983 2443 1002 2477 1006 2493 1002 2534 983 2534 983 2538 983 2538 983 2538 983 2542 983 2808 999 2816 1067 2812 1101 380 1090"/></Shape>
	    <String CONTENT="21 ᑕontinuation du montage de la charpente neuve au dessus du transept"
                    HPOS="368"
                    VPOS="983"
                    WIDTH="2448"
                    HEIGHT="118"></String>
          </TextLine>

          
          
          <TextLine ID="eSc_line_c1c2f0d7"
                    
                    BASELINE="476 1189 2812 1181" 
                    HPOS="467"
                    VPOS="1082"
                    WIDTH="2341"
                    HEIGHT="118">
            <Shape><Polygon POINTS="475 1185 467 1090 653 1086 657 1086 657 1086 661 1086 661 1086 661 1086 665 1086 665 1086 665 1090 668 1090 687 1113 877 1113 927 1090 942 1086 942 1086 946 1086 946 1086 950 1086 1124 1086 1124 1086 1124 1086 1128 1086 1128 1086 1128 1086 1132 1086 1132 1086 1136 1094 1155 1105 1216 1094 1238 1090 1238 1090 1238 1090 1242 1090 1242 1090 1246 1090 1246 1090 1246 1090 1250 1090 1250 1090 1254 1094 1276 1113 1516 1113 1573 1094 1607 1086 1611 1086 1611 1086 1615 1086 1615 1086 1615 1086 1664 1097 1710 1105 1755 1097 1824 1082 1824 1082 1824 1082 1828 1082 1828 1082 1942 1097 2002 1109 2200 1109 2208 1101 2223 1086 2223 1082 2223 1082 2227 1082 2227 1082 2227 1082 2230 1082 2230 1082 2234 1082 2234 1082 2234 1082 2238 1082 2238 1082 2280 1101 2295 1109 2394 1109 2401 1101 2424 1082 2424 1082 2428 1082 2428 1082 2428 1082 2432 1082 2432 1082 2436 1082 2436 1082 2436 1082 2439 1082 2504 1101 2523 1105 2553 1101 2664 1086 2664 1086 2667 1086 2667 1086 2800 1105 2808 1177 2804 1196 475 1200"/></Shape>
	    <String CONTENT="Sod. on pose les serrures pour les verrières des croisées hautes du transept"
                    HPOS="467"
                    VPOS="1082"
                    WIDTH="2341"
                    HEIGHT="118"></String>
          </TextLine>

          
          
          <TextLine ID="eSc_line_f179296c"
                    
                    BASELINE="491 1283 2819 1280" 
                    HPOS="478"
                    VPOS="1181"
                    WIDTH="2338"
                    HEIGHT="114">
            <Shape><Polygon POINTS="490 1280 478 1208 558 1181 562 1181 562 1181 566 1181 710 1181 710 1181 710 1181 714 1181 714 1181 714 1181 718 1181 718 1181 741 1200 817 1181 820 1181 820 1181 824 1181 824 1181 991 1200 1113 1181 1113 1181 1117 1181 1117 1181 1269 1200 1330 1181 1333 1181 1333 1181 1333 1181 1337 1181 1337 1181 1337 1181 1425 1200 1493 1181 1497 1181 1497 1181 1501 1181 1501 1181 1683 1200 1953 1181 1957 1181 2512 1200 2645 1181 2645 1181 2648 1181 2648 1181 2808 1204 2816 1276 2816 1287 490 1295"/></Shape>
	    <String CONTENT="Sud face Est; celui du coté Nord (face est) sont terminés ainsi que le dallage"
                    HPOS="478"
                    VPOS="1181"
                    WIDTH="2338"
                    HEIGHT="114"></String>
          </TextLine>

          
          
          <TextLine ID="eSc_line_06989ced"
                    
                    BASELINE="471 1372 2800 1360" 
                    HPOS="459"
                    VPOS="1265"
                    WIDTH="2338"
                    HEIGHT="129">
            <Shape><Polygon POINTS="467 1371 459 1276 532 1272 535 1272 535 1272 535 1272 539 1272 539 1272 543 1272 543 1272 543 1276 577 1299 665 1276 680 1272 684 1272 684 1272 687 1272 687 1272 729 1276 851 1291 934 1276 969 1272 969 1272 972 1272 972 1272 972 1272 976 1272 976 1272 988 1276 1033 1299 1056 1280 1064 1272 1064 1268 1067 1268 1067 1268 1067 1268 1071 1268 1071 1268 1075 1268 1322 1268 1322 1268 1322 1268 1326 1268 1326 1268 1360 1280 1402 1295 1444 1280 1482 1268 1486 1268 1486 1268 1486 1268 1489 1268 1489 1268 1493 1268 1493 1268 1527 1280 1569 1295 1801 1284 2014 1272 2018 1272 2018 1272 2018 1272 2021 1272 2021 1272 2021 1272 2044 1284 2059 1291 2238 1291 2246 1287 2299 1265 2299 1265 2303 1265 2303 1265 2303 1265 2306 1265 2306 1265 2310 1265 2394 1287 2401 1287 2409 1287 2515 1268 2515 1268 2515 1268 2519 1268 2789 1291 2797 1356 2793 1375 467 1394"/></Shape>
	    <String CONTENT="des chapelles basses de la nef Nord. on a terminé aussi la dépose de la rose"
                    HPOS="459"
                    VPOS="1265"
                    WIDTH="2338"
                    HEIGHT="129"></String>
          </TextLine>

          
          
          <TextLine ID="eSc_line_22110047"
                    
                    BASELINE="486 1458 2781 1458" 
                    HPOS="486"
                    VPOS="1390"
                    WIDTH="2295"
                    HEIGHT="99">
            <Shape><Polygon POINTS="486 1428 486 1405 528 1417 577 1390 725 1390 752 1417 828 1417 881 1390 942 1413 1105 1394 1178 1417 1204 1390 1250 1417 1349 1417 1371 1398 1455 1417 1497 1390 1645 1390 1676 1409 1717 1394 1793 1417 1816 1398 1877 1409 1907 1394 1930 1417 1961 1417 1987 1390 2044 1390 2075 1417 2303 1417 2371 1390 2420 1409 2523 1390 2553 1417 2588 1401 2607 1417 2686 1401 2705 1413 2724 1398 2781 1417 2781 1470 2732 1489 2705 1466 2629 1489 2493 1474 2462 1489 2432 1470 2071 1489 2048 1470 1945 1485 1873 1466 1797 1485 1748 1470 1698 1489 1676 1466 1596 1470 1565 1489 1390 1489 1368 1466 1292 1485 1113 1466 1003 1489 927 1466 851 1489 832 1470 809 1481 653 1466 638 1481 570 1470 551 1489 486 1466"/></Shape>
	    <String CONTENT="et commmenicé celle de l&#39;ouverture à jour placée au dessous et de la corniche"
                    HPOS="486"
                    VPOS="1390"
                    WIDTH="2295"
                    HEIGHT="99"></String>
          </TextLine>

          
          
          <TextLine ID="eSc_line_00a41d92"
                    
                    BASELINE="482 1561 1170 1553" 
                    HPOS="478"
                    VPOS="1489"
                    WIDTH="688"
                    HEIGHT="106">
            <Shape><Polygon POINTS="478 1531 478 1493 585 1493 611 1515 748 1515 771 1496 805 1515 885 1489 961 1512 984 1496 1041 1512 1162 1504 1166 1523 1162 1561 1083 1561 1026 1588 950 1588 885 1557 817 1591 752 1561 543 1561 513 1591 478 1595"/></Shape>
	    <String CONTENT="formant [passage]."
                    HPOS="478"
                    VPOS="1489"
                    WIDTH="688"
                    HEIGHT="106"></String>
          </TextLine>

          
          
          <TextLine ID="eSc_line_4c257e23"
                    
                    BASELINE="391 1645 2812 1652" 
                    HPOS="391"
                    VPOS="1572"
                    WIDTH="2421"
                    HEIGHT="107">
            <Shape><Polygon POINTS="391 1614 391 1588 456 1580 475 1599 535 1599 570 1572 611 1591 752 1580 775 1595 904 1572 965 1599 1033 1599 1102 1572 1204 1572 1254 1595 1383 1572 1421 1599 1558 1599 1588 1584 1603 1599 1691 1588 1706 1603 1771 1603 1801 1576 2063 1576 2105 1603 2177 1603 2211 1576 2329 1576 2382 1603 2428 1603 2466 1576 2515 1591 2542 1576 2576 1603 2626 1603 2648 1580 2686 1576 2728 1603 2759 1584 2812 1599 2808 1664 2690 1656 2618 1679 2527 1679 2504 1656 2398 1656 2341 1679 2242 1679 2208 1656 2139 1656 2097 1679 2037 1660 1976 1679 1843 1656 1790 1679 1752 1656 1706 1675 1603 1652 1558 1675 1539 1656 1512 1675 1489 1660 1394 1675 1371 1656 1314 1667 1299 1652 1242 1675 1200 1652 1162 1667 1128 1652 1010 1652 927 1675 695 1652 653 1667 604 1652 562 1675 391 1671"/></Shape>
	    <String CONTENT="22 on a transporté l&#39;échafaudage en bascule au dessus de la porte de gauche"
                    HPOS="391"
                    VPOS="1572"
                    WIDTH="2421"
                    HEIGHT="107"></String>
          </TextLine>

          
          
          <TextLine ID="eSc_line_acde9922"
                    
                    BASELINE="467 1740 2789 1747" 
                    HPOS="463"
                    VPOS="1675"
                    WIDTH="2326"
                    HEIGHT="103">
            <Shape><Polygon POINTS="467 1709 509 1675 566 1675 585 1694 627 1675 741 1702 809 1698 839 1675 877 1702 934 1686 1045 1702 1064 1683 1128 1675 1166 1690 1246 1686 1261 1702 1314 1702 1356 1679 1383 1702 1432 1675 1505 1675 1653 1705 1767 1679 1816 1679 1858 1705 1919 1705 1934 1690 1995 1705 2037 1679 2097 1679 2128 1705 2196 1686 2215 1705 2291 1705 2337 1679 2405 1702 2428 1690 2447 1705 2595 1705 2626 1679 2656 1679 2694 1698 2709 1683 2766 1698 2789 1717 2785 1759 2755 1778 2724 1778 2690 1751 2629 1766 2455 1751 2405 1774 2367 1755 2276 1751 2211 1778 2059 1778 2033 1755 1900 1778 1854 1755 1816 1778 1763 1778 1710 1751 1672 1766 1626 1747 1581 1774 1524 1774 1467 1747 1375 1747 1352 1762 1269 1747 1216 1774 1170 1774 1140 1747 1090 1774 984 1774 961 1751 904 1774 604 1774 577 1751 463 1743"/></Shape>
	    <String CONTENT="de la facade principale pour la reprise des [parties] de tapissirie au dessus"
                    HPOS="463"
                    VPOS="1675"
                    WIDTH="2326"
                    HEIGHT="103"></String>
          </TextLine>

          
          
          <TextLine ID="eSc_line_c6303917"
                    
                    BASELINE="453 1857 1363 1854" 
                    HPOS="448"
                    VPOS="1755"
                    WIDTH="912"
                    HEIGHT="121">
            <Shape><Polygon POINTS="452 1853 452 1755 623 1789 748 1789 775 1762 775 1759 775 1759 779 1759 779 1759 779 1759 779 1759 782 1759 782 1759 786 1759 786 1759 790 1759 1075 1785 1356 1766 1360 1853 1356 1876 448 1872"/></Shape>
	    <String CONTENT="des [??] de cette porte."
                    HPOS="448"
                    VPOS="1755"
                    WIDTH="912"
                    HEIGHT="121"></String>
          </TextLine>

          
          
          <TextLine ID="eSc_line_941c6ac0"
                    
                    BASELINE="387 1941 2781 1941" 
                    HPOS="387"
                    VPOS="1865"
                    WIDTH="2394"
                    HEIGHT="102">
            <Shape><Polygon POINTS="387 1910 387 1869 410 1865 490 1865 570 1895 604 1895 649 1865 760 1895 908 1895 938 1865 988 1888 1010 1865 1083 1869 1117 1895 1197 1891 1223 1872 1330 1895 1448 1895 1470 1876 1524 1891 1622 1865 1657 1888 1736 1895 1782 1865 1881 1865 1972 1895 2040 1895 2071 1876 2105 1895 2185 1895 2242 1865 2493 1865 2527 1888 2599 1872 2633 1895 2781 1895 2781 1948 2683 1967 2648 1952 2363 1967 2348 1952 2280 1948 2090 1948 2044 1967 1911 1967 1881 1948 1858 1967 1733 1964 1717 1948 1683 1964 1611 1948 1592 1967 1531 1948 1467 1948 1448 1967 1356 1952 1219 1967 1170 1948 1105 1967 999 1948 908 1948 851 1967 813 1948 725 1967 615 1952 592 1967 547 1948 456 1948 387 1967"/></Shape>
	    <String CONTENT="26 On commence la reprise par [??] des [parterres] de [tympan] au"
                    HPOS="387"
                    VPOS="1865"
                    WIDTH="2394"
                    HEIGHT="102"></String>
          </TextLine>

          
          
          <TextLine ID="eSc_line_bed89b79"
                    
                    BASELINE="501 2036 2766 2043" 
                    HPOS="497"
                    VPOS="1960"
                    WIDTH="2269"
                    HEIGHT="99">
            <Shape><Polygon POINTS="501 2005 501 1960 558 1964 589 1990 642 1990 672 1964 737 1964 752 1979 847 1967 870 1990 957 1975 984 1990 1029 1964 1094 1964 1132 1990 1227 1964 1269 1986 1292 1975 1314 1990 1409 1990 1429 1975 1497 1983 1520 1964 1562 1964 1588 1990 1638 1994 1698 1994 1740 1967 1774 1994 1797 1979 1847 1994 1900 1967 2018 1994 2113 1971 2151 1986 2170 1967 2257 1967 2287 1994 2390 1971 2447 1990 2762 1994 2766 2013 2762 2059 2690 2043 2648 2059 2337 2059 2299 2043 2276 2059 2227 2043 2154 2059 2071 2043 1676 2059 1630 2040 1524 2055 1478 2040 1364 2055 1246 2040 1189 2055 1098 2040 965 2040 942 2055 497 2047"/></Shape>
	    <String CONTENT="dessus de l&#39;entree des collatéraux du choeur Sud coté du transept on"
                    HPOS="497"
                    VPOS="1960"
                    WIDTH="2269"
                    HEIGHT="99"></String>
          </TextLine>

          
          
          <TextLine ID="eSc_line_b09d3d07"
                    
                    BASELINE="497 2135 2755 2127" 
                    HPOS="494"
                    VPOS="2055"
                    WIDTH="2257"
                    HEIGHT="110">
            <Shape><Polygon POINTS="494 2104 494 2085 535 2078 703 2085 836 2062 874 2085 923 2085 980 2059 1064 2085 1159 2059 1250 2059 1273 2074 1371 2059 1398 2085 1497 2085 1524 2059 1607 2085 1664 2055 1721 2055 1740 2074 1774 2055 1904 2055 1961 2081 2071 2081 2113 2062 2204 2074 2234 2059 2272 2081 2557 2081 2610 2055 2664 2055 2743 2074 2751 2097 2747 2161 2538 2146 2504 2161 2477 2142 2439 2161 2219 2161 2166 2138 2097 2138 2063 2161 1934 2138 1843 2138 1820 2161 1641 2161 1615 2142 1535 2161 1493 2142 1467 2165 1429 2142 1379 2142 1352 2165 1307 2165 1276 2142 1181 2142 1128 2165 1090 2142 999 2142 976 2165 934 2165 904 2142 836 2142 813 2165 752 2142 494 2150"/></Shape>
	    <String CONTENT="continue le grattage et le ravalement de la partie en face; on poursuit le"
                    HPOS="494"
                    VPOS="2055"
                    WIDTH="2257"
                    HEIGHT="110"></String>
          </TextLine>

          
          
          <TextLine ID="eSc_line_5427d544"
                    
                    BASELINE="505 2230 2246 2230" 
                    HPOS="505"
                    VPOS="2157"
                    WIDTH="1741"
                    HEIGHT="92">
            <Shape><Polygon POINTS="505 2199 505 2165 520 2157 585 2184 630 2184 661 2157 703 2157 722 2176 771 2157 836 2184 870 2161 950 2184 980 2169 995 2184 1178 2184 1197 2165 1223 2184 1303 2184 1368 2157 1451 2157 1516 2184 1565 2157 1691 2165 1710 2184 1824 2176 1862 2157 1915 2157 1964 2184 2056 2184 2082 2165 2128 2184 2151 2161 2246 2184 2242 2249 505 2245"/></Shape>
	    <String CONTENT="raccord des dallages en marbre dans le bas coté du choeur."
                    HPOS="505"
                    VPOS="2157"
                    WIDTH="1741"
                    HEIGHT="92"></String>
          </TextLine>

          
          
          <TextLine ID="eSc_line_b382ffae"
                    
                    BASELINE="399 2319 2683 2321" 
                    HPOS="391"
                    VPOS="2233"
                    WIDTH="2292"
                    HEIGHT="118">
            <Shape><Polygon POINTS="395 2317 391 2256 775 2233 779 2233 779 2233 782 2233 866 2256 877 2260 1311 2260 1314 2256 1341 2233 1341 2233 1345 2233 1345 2233 1345 2233 1349 2233 1349 2233 1352 2233 1467 2233 1467 2233 1657 2256 1660 2256 1660 2256 1683 2237 1683 2233 1683 2233 1687 2233 1687 2233 1687 2233 1691 2233 1691 2233 1695 2233 1866 2233 1866 2233 1866 2233 1869 2233 1869 2233 1923 2256 2002 2233 2006 2233 2006 2233 2006 2233 2010 2233 2010 2233 2014 2233 2014 2233 2075 2256 2075 2260 2287 2260 2287 2256 2352 2233 2352 2233 2356 2233 2356 2233 2360 2233 2360 2233 2360 2233 2485 2256 2580 2233 2584 2233 2584 2233 2588 2233 2588 2233 2588 2233 2591 2233 2683 2260 2679 2317 2679 2344 395 2351"/></Shape>
	    <String CONTENT="28 les charpentiers continuent le montage des serrures pour le comble dunt le des  le cmntle du"
                    HPOS="391"
                    VPOS="2233"
                    WIDTH="2292"
                    HEIGHT="118"></String>
          </TextLine>

          
          
          <TextLine ID="eSc_line_4e04f290"
                    
                    BASELINE="513 2416 2709 2416" 
                    HPOS="513"
                    VPOS="2344"
                    WIDTH="2196"
                    HEIGHT="95">
            <Shape><Polygon POINTS="513 2385 562 2347 585 2366 657 2351 703 2374 817 2374 855 2344 953 2344 1007 2374 1193 2374 1216 2355 1257 2374 1341 2347 1394 2374 1581 2374 1611 2344 1676 2344 1725 2374 1790 2347 1862 2374 1896 2344 1945 2370 2002 2347 2040 2363 2075 2344 2139 2359 2280 2344 2333 2374 2367 2344 2417 2374 2531 2374 2618 2344 2645 2366 2709 2374 2709 2427 2633 2439 2363 2439 2337 2423 2230 2439 2101 2423 2029 2439 1888 2423 1858 2439 1679 2423 1641 2439 1470 2439 1417 2423 1330 2439 1257 2423 1128 2423 1113 2439 1083 2423 1052 2439 961 2439 934 2423 809 2439 513 2427"/></Shape>
	    <String CONTENT="transept Sud. on pose le chevronnage de la [2e] travée. les travaux de"
                    HPOS="513"
                    VPOS="2344"
                    WIDTH="2196"
                    HEIGHT="95"></String>
          </TextLine>

          
          
          <TextLine ID="eSc_line_8bbea3ca"
                    
                    BASELINE="497 2518 2845 2509" 
                    HPOS="486"
                    VPOS="2431"
                    WIDTH="2356"
                    HEIGHT="118">
            <Shape><Polygon POINTS="494 2515 486 2435 2831 2431 2842 2507 2838 2530 1668 2530 1657 2530 1546 2549 1546 2549 1543 2549 490 2530"/></Shape>
	    <String CONTENT="plomberie se poursuivent sur les parties du grand comble qui ont été refaits"
                    HPOS="486"
                    VPOS="2431"
                    WIDTH="2356"
                    HEIGHT="118"></String>
          </TextLine>

          
          
          <TextLine ID="eSc_line_9703f4c8"
                    
                    BASELINE="463 2598 2846 2600" 
                    HPOS="459"
                    VPOS="2515"
                    WIDTH="2383"
                    HEIGHT="121">
            <Shape><Polygon POINTS="459 2594 459 2515 630 2515 634 2515 684 2541 798 2541 828 2515 832 2515 836 2515 839 2515 851 2515 1083 2541 1505 2541 1546 2515 1550 2515 1554 2515 1558 2515 1577 2515 1706 2537 2835 2522 2842 2598 2838 2629 459 2636"/></Shape>
	    <String CONTENT="dernièrement et [ulterieurement] sur les quatre crontrefiches de la flèche formant [gradins]"
                    HPOS="459"
                    VPOS="2515"
                    WIDTH="2383"
                    HEIGHT="121"></String>
          </TextLine>

          
          
          <TextLine ID="eSc_line_892ae755"
                    
                    BASELINE="291 2709 2764 2711" 
                    HPOS="285"
                    VPOS="2613"
                    WIDTH="2477"
                    HEIGHT="156">
            <Shape><Polygon POINTS="288 2708 285 2644 418 2613 418 2613 418 2613 421 2613 421 2613 425 2613 532 2640 592 2621 596 2621 596 2621 596 2621 600 2621 600 2621 604 2621 604 2621 604 2621 646 2640 839 2621 839 2621 843 2621 843 2621 847 2621 847 2621 896 2640 950 2613 950 2613 950 2613 953 2613 953 2613 957 2613 1242 2613 1242 2613 1242 2613 1246 2613 1246 2613 1299 2636 1459 2613 1459 2613 1463 2613 1463 2613 1463 2613 1467 2613 1467 2613 1467 2613 1516 2640 1630 2617 1630 2617 1630 2617 1634 2617 1634 2617 1638 2617 1638 2617 1638 2617 1641 2617 1672 2640 1740 2621 1744 2621 1744 2621 1744 2621 1748 2621 2018 2640 2048 2617 2048 2613 2048 2613 2052 2613 2052 2613 2056 2613 2056 2613 2056 2613 2059 2613 2538 2640 2652 2617 2652 2617 2652 2617 2656 2617 2656 2617 2656 2617 2762 2644 2762 2708 2759 2739 2610 2724 2572 2742 2531 2765 2531 2765 2531 2765 2527 2765 2527 2765 2523 2765 2523 2765 2523 2765 2519 2765 2519 2765 2519 2765 2515 2765 2485 2742 2455 2724 2322 2724 2249 2746 2189 2765 2185 2765 2185 2765 2185 2765 2181 2765 2181 2765 2177 2765 2177 2765 2132 2746 2067 2724 1980 2746 1976 2746 1976 2746 1972 2746 1972 2746 1972 2746 1843 2724 1679 2750 1679 2750 1676 2750 1676 2750 1676 2750 1554 2724 1512 2754 1497 2765 1493 2765 1493 2765 1493 2765 1489 2765 1489 2765 1489 2765 1486 2765 1486 2765 1482 2765 1482 2765 1482 2765 1478 2765 1478 2765 1467 2754 1421 2724 1159 2758 1147 2758 1147 2758 1143 2758 1143 2758 1143 2758 1140 2758 1140 2758 1140 2758 1140 2758 1086 2727 767 2724 691 2746 687 2746 687 2746 687 2746 684 2746 684 2746 680 2746 680 2746 680 2746 676 2746 676 2746 646 2724 551 2724 448 2765 448 2765 448 2765 444 2765 444 2765 444 2769 288 2769"/></Shape>
	    <String CONTENT="29 on poursuit la dépose de la partie supérieure de l&#39;[难 ] à [??]"
                    HPOS="285"
                    VPOS="2613"
                    WIDTH="2477"
                    HEIGHT="156"></String>
          </TextLine>

          
          
          <TextLine ID="eSc_line_b007e8bd"
                    
                    BASELINE="488 2796 2816 2796" 
                    HPOS="486"
                    VPOS="2708"
                    WIDTH="2326"
                    HEIGHT="133">
            <Shape><Polygon POINTS="486 2792 486 2716 1531 2731 1558 2724 1600 2708 1600 2708 1603 2708 1603 2708 1607 2708 1607 2708 1607 2708 1611 2708 1657 2724 1683 2735 1923 2735 1964 2727 2086 2708 2086 2708 2090 2708 2090 2708 2090 2708 2094 2708 2162 2727 2177 2735 2637 2735 2641 2731 2679 2712 2679 2712 2679 2712 2683 2712 2683 2712 2683 2712 2686 2712 2686 2712 2812 2735 2812 2792 2812 2815 2705 2837 2705 2837 2705 2837 2702 2837 2702 2837 2698 2837 2633 2818 2629 2818 2542 2818 1744 2837 1740 2837 1740 2837 1683 2826 1638 2818 1607 2826 1581 2837 1581 2837 1577 2837 1577 2837 1573 2837 1425 2830 1231 2818 1216 2830 1212 2834 1212 2837 1212 2837 1208 2837 1208 2837 1208 2837 1204 2837 1204 2837 1204 2841 980 2841 976 2837 976 2837 946 2834 843 2818 760 2837 744 2837 744 2837 744 2837 741 2837 741 2837 718 2837 558 2818 490 2837"/></Shape>
	    <String CONTENT="du transept sud jusqu&#39;au niveau des chapiteaux des petites colonnettes. on"
                    HPOS="486"
                    VPOS="2708"
                    WIDTH="2326"
                    HEIGHT="133"></String>
          </TextLine>

          
          
          <TextLine ID="eSc_line_1d165e83"
                    
                    BASELINE="490 2905 2802 2911" 
                    HPOS="478"
                    VPOS="2803"
                    WIDTH="2322"
                    HEIGHT="141">
            <Shape><Polygon POINTS="486 2902 482 2811 623 2803 627 2803 627 2803 627 2803 630 2803 630 2803 630 2803 646 2811 680 2830 710 2811 725 2803 725 2803 725 2803 729 2803 729 2803 729 2803 733 2803 733 2803 733 2803 737 2803 737 2803 756 2811 805 2837 1052 2837 1094 2815 1121 2803 1121 2803 1121 2803 1124 2803 1124 2803 1128 2803 1341 2803 1341 2803 1341 2803 1345 2803 1345 2803 1345 2803 1349 2803 1349 2803 1368 2818 1387 2834 1459 2818 1505 2811 1505 2811 1505 2811 1508 2811 1508 2811 1569 2818 1653 2834 1695 2822 1725 2811 1729 2811 1729 2811 1729 2811 1733 2811 1733 2811 1733 2811 1790 2822 1862 2837 1930 2822 1991 2811 1991 2811 1991 2811 1995 2811 1995 2811 2075 2826 2147 2837 2177 2826 2223 2807 2223 2807 2227 2807 2227 2807 2227 2807 2230 2807 2230 2807 2234 2807 2314 2826 2318 2826 2322 2826 2496 2807 2496 2807 2500 2807 2500 2807 2504 2807 2591 2830 2626 2837 2793 2834 2800 2910 2793 2932 1942 2925 1915 2925 1786 2944 1786 2944 1782 2944 1782 2944 1782 2944 1778 2944 1721 2925 1717 2925 1714 2925 1653 2944 1649 2944 1649 2944 1649 2944 1645 2944 1645 2944 1645 2944 1641 2944 1581 2925 1569 2921 1535 2925 1383 2940 1383 2940 1379 2940 1379 2940 1250 2921 1238 2921 1231 2921 1094 2940 1094 2940 1090 2940 1090 2940 1090 2940 1086 2940 1086 2940 1086 2940 1083 2940 1083 2940 1083 2936 1064 2921 1064 2921 1037 2921 900 2921 775 2940 775 2940 771 2940 771 2940 771 2940 767 2940 699 2921 554 2940 554 2940 551 2940 551 2940 547 2940 547 2940 478 2913"/></Shape>
	    <String CONTENT="tesmmé les 29ress 9 endects des pstiers d Porisserie au Peesces dats, vurte"
                    HPOS="478"
                    VPOS="2803"
                    WIDTH="2322"
                    HEIGHT="141"></String>
          </TextLine>

          
          
          <TextLine ID="eSc_line_38686652"
                    
                    BASELINE="448 2982 1600 2993" 
                    HPOS="444"
                    VPOS="2921"
                    WIDTH="1156"
                    HEIGHT="99">
            <Shape><Polygon POINTS="448 2951 448 2921 539 2921 589 2948 794 2936 832 2951 866 2929 904 2951 938 2925 1018 2925 1041 2940 1113 2925 1280 2955 1470 2955 1505 2929 1600 2936 1600 2963 1573 2967 1223 2963 1174 3005 1098 2993 1064 3016 1007 3005 915 3020 877 2997 843 3008 824 2989 760 3012 718 2993 695 3016 649 3001 623 3016 501 3016 478 2993 444 2993"/></Shape>
	    <String CONTENT="de gainte de la Jacede "
                    HPOS="444"
                    VPOS="2921"
                    WIDTH="1156"
                    HEIGHT="99"></String>
          </TextLine>

          
          
          <TextLine ID="eSc_line_763e149b"
                    
                    BASELINE="76 3088 475 3096" 
                    HPOS="72"
                    VPOS="3008"
                    WIDTH="403"
                    HEIGHT="118">
            <Shape><Polygon POINTS="76 3058 76 3027 148 3008 167 3027 239 3008 311 3031 444 3012 471 3035 475 3065 471 3115 402 3126 345 3111 277 3126 239 3107 197 3122 155 3107 72 3119"/></Shape>
	    <String CONTENT="Octobré 3"
                    HPOS="72"
                    VPOS="3008"
                    WIDTH="403"
                    HEIGHT="118"></String>
          </TextLine>

          
          
          <TextLine ID="eSc_line_265f29af"
                    
                    BASELINE="547 3092 2819 3081" 
                    HPOS="543"
                    VPOS="3016"
                    WIDTH="2273"
                    HEIGHT="99">
            <Shape><Polygon POINTS="543 3062 611 3024 733 3027 813 3050 858 3035 961 3050 1022 3024 1128 3027 1151 3050 1235 3024 1276 3024 1307 3046 1337 3027 1364 3046 1440 3020 1489 3020 1546 3046 1577 3020 1641 3020 1691 3043 1740 3031 1759 3046 1828 3046 1850 3027 1869 3046 1930 3031 2021 3046 2075 3016 2204 3043 2242 3027 2299 3043 2341 3016 2379 3016 2409 3043 2489 3020 2523 3039 2766 3043 2804 3020 2816 3050 2812 3100 2797 3107 2409 3107 2367 3088 2097 3107 2044 3081 1850 3081 1801 3111 1767 3096 1672 3096 1653 3111 1448 3096 1413 3111 1394 3096 1326 3107 1307 3092 1238 3111 1094 3111 1075 3096 1010 3115 847 3092 794 3111 714 3092 661 3107 638 3092 619 3107 543 3103"/></Shape>
	    <String CONTENT="Consomatis des Trevoun de Chargiente, pou le Emtte Cu Ermoscost sud"
                    HPOS="543"
                    VPOS="3016"
                    WIDTH="2273"
                    HEIGHT="99"></String>
          </TextLine>

          
          
          <TextLine ID="eSc_line_11588f11"
                    
                    BASELINE="543 3183 2827 3183" 
                    HPOS="543"
                    VPOS="3107"
                    WIDTH="2284"
                    HEIGHT="99">
            <Shape><Polygon POINTS="543 3153 543 3138 703 3126 763 3138 809 3111 908 3130 946 3107 1010 3115 1037 3138 1090 3111 1124 3138 1200 3138 1246 3119 1273 3138 1318 3138 1383 3107 1501 3107 1520 3126 1588 3122 1611 3138 1676 3138 1744 3107 1820 3138 1968 3138 2037 3107 2109 3138 2166 3107 2238 3111 2253 3126 2284 3107 2382 3107 2398 3122 2436 3107 2489 3138 2542 3138 2599 3107 2626 3126 2656 3111 2781 3126 2827 3107 2816 3206 2785 3191 2523 3206 2496 3187 2398 3206 2352 3206 2329 3187 2295 3206 2223 3187 2147 3202 2097 3187 2021 3202 1995 3191 1968 3206 1763 3206 1748 3191 1660 3206 1645 3191 1459 3191 1444 3206 1371 3191 1337 3206 1064 3191 1045 3206 904 3206 851 3187 805 3206 687 3187 627 3206 543 3191"/></Shape>
	    <String CONTENT="Mr Cmsus cone le chier romsoge de trnncis rogqucher dela Ferte. le Trevaur"
                    HPOS="543"
                    VPOS="3107"
                    WIDTH="2284"
                    HEIGHT="99"></String>
          </TextLine>

          
          
          <TextLine ID="eSc_line_efb863a9"
                    
                    BASELINE="456 3263 2816 3274" 
                    HPOS="456"
                    VPOS="3198"
                    WIDTH="2360"
                    HEIGHT="111">
            <Shape><Polygon POINTS="456 3233 456 3214 497 3198 547 3202 573 3225 676 3225 748 3198 904 3225 931 3202 984 3198 1056 3225 1246 3229 1364 3229 1402 3210 1508 3229 1577 3202 1615 3225 1649 3202 1695 3202 1744 3229 1873 3229 1911 3206 1949 3217 1987 3202 2048 3206 2082 3233 2128 3210 2257 3229 2276 3210 2728 3206 2816 3244 2812 3267 2751 3293 2709 3301 2686 3282 2637 3282 2557 3309 2500 3286 2462 3305 2432 3278 2348 3309 2287 3282 2265 3301 2170 3278 2056 3293 2002 3263 1672 3263 1638 3293 1360 3282 1311 3305 1242 3286 1216 3301 1136 3286 957 3301 912 3278 858 3278 824 3301 737 3282 706 3301 539 3301 456 3274"/></Shape>
	    <String CONTENT="de ptosiberié amp pouseni ent prer les gti de Emste Fali Pf et da"
                    HPOS="456"
                    VPOS="3198"
                    WIDTH="2360"
                    HEIGHT="111"></String>
          </TextLine>

          
          
          <TextLine ID="eSc_line_60613d9c"
                    
                    BASELINE="524 3377 2398 3377" 
                    HPOS="524"
                    VPOS="3301"
                    WIDTH="1874"
                    HEIGHT="110">
            <Shape><Polygon POINTS="524 3347 524 3305 539 3301 604 3324 661 3301 741 3331 1071 3331 1113 3312 1174 3331 1231 3301 1345 3301 1368 3324 1413 3324 1432 3305 1558 3305 1577 3324 1615 3301 1657 3301 1691 3331 1820 3331 1839 3312 1923 3316 1942 3301 2078 3309 2116 3331 2185 3331 2261 3301 2398 3324 2398 3381 2356 3411 2280 3381 2234 3381 2204 3411 2120 3411 2082 3381 1980 3381 1904 3411 1740 3411 1706 3396 1683 3411 1581 3411 1543 3385 1501 3396 1482 3381 1413 3411 1330 3381 1276 3396 1250 3381 1216 3400 1181 3385 1136 3400 1117 3381 1067 3396 976 3381 946 3411 763 3381 687 3411 608 3385 524 3381"/></Shape>
	    <String CONTENT="Charis ms 9ue sur les entrefurles Poronsates formant gu dinis."
                    HPOS="524"
                    VPOS="3301"
                    WIDTH="1874"
                    HEIGHT="110"></String>
          </TextLine>

          
          
          <TextLine ID="eSc_line_17e16081"
                    
                    BASELINE="581 3472 2789 3472" 
                    HPOS="581"
                    VPOS="3407"
                    WIDTH="2208"
                    HEIGHT="99">
            <Shape><Polygon POINTS="581 3442 581 3411 611 3426 634 3411 657 3434 748 3434 767 3415 832 3434 953 3434 976 3419 1029 3434 1064 3407 1094 3423 1109 3407 1197 3407 1227 3434 1333 3434 1360 3407 1436 3430 1467 3407 1558 3407 1600 3434 1660 3419 1725 3434 1752 3411 1786 3434 1953 3434 1980 3411 2029 3426 2056 3407 2116 3430 2154 3411 2185 3434 2230 3407 2291 3434 2325 3434 2360 3407 2420 3423 2489 3411 2527 3434 2645 3407 2675 3423 2755 3407 2789 3419 2789 3499 2743 3506 2664 3491 2603 3502 2588 3487 2538 3502 2504 3487 2481 3506 2455 3487 2401 3506 2325 3487 2299 3506 2238 3483 2204 3506 2120 3506 2052 3480 1938 3480 1862 3506 1782 3506 1744 3480 1698 3499 1668 3480 1531 3480 1501 3495 1448 3480 1417 3506 1360 3480 1223 3480 1189 3506 1121 3506 1045 3480 1003 3499 972 3480 847 3480 801 3499 748 3487 729 3506 581 3491"/></Shape>
	    <String CONTENT="M jonsenr la diquse del&#39;Euature à pur Eet Saue da Emmisyt Sud"
                    HPOS="581"
                    VPOS="3407"
                    WIDTH="2208"
                    HEIGHT="99"></String>
          </TextLine>

          
          
          <TextLine ID="eSc_line_051558a1"
                    
                    BASELINE="387 3483 463 3476" 
                    HPOS="380"
                    VPOS="3400"
                    WIDTH="79"
                    HEIGHT="95">
            <Shape><Polygon POINTS="383 3453 380 3423 452 3400 459 3476 418 3495 383 3483"/></Shape>
	    <String CONTENT="3"
                    HPOS="380"
                    VPOS="3400"
                    WIDTH="79"
                    HEIGHT="95"></String>
          </TextLine>

          
          
          <TextLine ID="eSc_line_0f47bc17"
                    
                    BASELINE="528 3571 2797 3571" 
                    HPOS="528"
                    VPOS="3499"
                    WIDTH="2269"
                    HEIGHT="98">
            <Shape><Polygon POINTS="528 3540 528 3525 592 3510 619 3525 733 3525 760 3502 813 3514 836 3499 885 3525 980 3525 1007 3499 1075 3499 1143 3525 1200 3499 1292 3499 1337 3525 1470 3525 1501 3499 1626 3499 1668 3521 1691 3502 1755 3502 1801 3525 1862 3510 2223 3525 2253 3499 2306 3514 2333 3502 2348 3518 2409 3499 2690 3499 2728 3514 2797 3499 2797 3597 2766 3582 2724 3597 2576 3597 2519 3575 2432 3575 2417 3590 2390 3575 2367 3597 2314 3575 2219 3575 2177 3597 2059 3597 2006 3575 1934 3594 1904 3578 1881 3597 1805 3594 1771 3575 1729 3597 1702 3575 1573 3575 1531 3594 1478 3575 1451 3597 1429 3582 1360 3597 1326 3575 1273 3575 1238 3597 1193 3597 1170 3575 1056 3575 1010 3597 953 3575 912 3590 893 3575 718 3575 634 3597 528 3597"/></Shape>
	    <String CONTENT="Jes pès an souesue da Ciantesuux Pes Coloms ets, on pres arc le cheurrs age"
                    HPOS="528"
                    VPOS="3499"
                    WIDTH="2269"
                    HEIGHT="98"></String>
          </TextLine>

          
          
          <TextLine ID="eSc_line_b2f5e543"
                    
                    BASELINE="528 3654 2542 3662" 
                    HPOS="524"
                    VPOS="3586"
                    WIDTH="2018"
                    HEIGHT="102">
            <Shape><Polygon POINTS="528 3624 528 3609 619 3613 653 3586 706 3586 725 3605 744 3590 809 3594 832 3609 889 3594 927 3613 988 3613 1022 3586 1166 3586 1254 3613 1425 3613 1463 3590 1493 3613 1539 3616 1592 3616 1622 3594 1645 3613 1668 3597 1752 3609 1809 3590 1839 3616 1904 3594 1957 3616 2044 3597 2078 3616 2120 3590 2360 3590 2409 3609 2474 3590 2542 3632 2538 3681 2504 3662 2432 3688 2360 3688 2287 3658 2219 3681 2196 3662 2151 3662 2124 3688 2059 3688 2006 3647 1710 3647 1645 3688 1535 3662 1455 3681 1330 3662 1094 3662 1018 3685 877 3666 756 3681 680 3662 638 3681 524 3681"/></Shape>
	    <String CONTENT="gan dest reliir Eetie Serié de Clomtres ce conteforts d&#39;enyle"
                    HPOS="524"
                    VPOS="3586"
                    WIDTH="2018"
                    HEIGHT="102"></String>
          </TextLine>

          
          
          <TextLine ID="eSc_line_a605e9d2"
                    
                    BASELINE="543 3753 2800 3764" 
                    HPOS="539"
                    VPOS="3685"
                    WIDTH="2261"
                    HEIGHT="106">
            <Shape><Polygon POINTS="543 3723 543 3707 627 3711 665 3685 710 3704 801 3685 1018 3685 1045 3711 1174 3696 1299 3715 1394 3688 1432 3688 1459 3715 1592 3715 1638 3688 1683 3707 1706 3692 1736 3715 1782 3700 1805 3715 1888 3715 1942 3688 2048 3688 2090 3719 2196 3692 2291 3715 2356 3692 2394 3719 2451 3696 2637 3692 2797 3715 2800 3734 2797 3768 2736 3783 2675 3768 2641 3783 2626 3768 2561 3783 2470 3768 2375 3787 2337 3768 2227 3787 2162 3768 2094 3791 2010 3764 1839 3764 1793 3787 1729 3764 1558 3787 1409 3764 1371 3787 1314 3787 1288 3768 1128 3783 1064 3764 1033 3783 908 3783 889 3768 862 3780 847 3764 589 3764 539 3780"/></Shape>
	    <String CONTENT="Mn lusns ne le purere et le legventsiment Ces reste frcoites du tronneyt"
                    HPOS="539"
                    VPOS="3685"
                    WIDTH="2261"
                    HEIGHT="106"></String>
          </TextLine>

          
          
          <TextLine ID="eSc_line_13963366"
                    
                    BASELINE="391 3768 452 3761" 
                    HPOS="383"
                    VPOS="3685"
                    WIDTH="69"
                    HEIGHT="98">
            <Shape><Polygon POINTS="387 3738 383 3707 440 3685 452 3776 391 3783"/></Shape>
	    <String CONTENT="9"
                    HPOS="383"
                    VPOS="3685"
                    WIDTH="69"
                    HEIGHT="98"></String>
          </TextLine>

          
          
          <TextLine ID="eSc_line_698419b2"
                    
                    BASELINE="509 3859 2770 3852" 
                    HPOS="505"
                    VPOS="3787"
                    WIDTH="2261"
                    HEIGHT="107">
            <Shape><Polygon POINTS="505 3829 516 3810 558 3814 581 3791 695 3791 756 3818 855 3802 893 3818 972 3802 1045 3814 1071 3795 1159 3818 1231 3791 1368 3791 1425 3818 1459 3802 1527 3818 1592 3802 1630 3818 1695 3802 1843 3810 1866 3787 1896 3806 1919 3791 1980 3814 2075 3787 2135 3787 2166 3814 2230 3787 2295 3787 2314 3806 2572 3787 2607 3814 2713 3814 2762 3787 2766 3821 2759 3890 2607 3890 2557 3875 2512 3890 2466 3867 2432 3867 2409 3890 2303 3867 2238 3867 2200 3886 2170 3867 2014 3875 1888 3859 1820 3890 1763 3871 1634 3890 1558 3863 1535 3878 1406 3867 1311 3894 1265 3863 1212 3886 1185 3867 1071 3882 1007 3848 653 3848 589 3894 505 3894"/></Shape>
	    <String CONTENT="Ind cna celin dets Saie entencine de le mêmé Tunosags Sermant"
                    HPOS="505"
                    VPOS="3787"
                    WIDTH="2261"
                    HEIGHT="107"></String>
          </TextLine>

          
          
          <TextLine ID="eSc_line_507c3ff0"
                    
                    BASELINE="539 3954 1543 3954" 
                    HPOS="539"
                    VPOS="3882"
                    WIDTH="1004"
                    HEIGHT="91">
            <Shape><Polygon POINTS="539 3924 573 3901 657 3901 706 3882 741 3913 794 3894 885 3913 988 3913 1010 3894 1064 3913 1117 3882 1280 3882 1311 3913 1371 3913 1390 3897 1425 3909 1478 3882 1543 3882 1539 3973 1444 3973 1429 3958 1333 3973 1299 3958 1269 3973 1147 3958 912 3958 896 3973 858 3958 820 3973 760 3958 710 3973 661 3958 581 3973 539 3962"/></Shape>
	    <String CONTENT="sur les EClaterauen dele Nof."
                    HPOS="539"
                    VPOS="3882"
                    WIDTH="1004"
                    HEIGHT="91"></String>
          </TextLine>

          
          
          <TextLine ID="eSc_line_519f6fca"
                    
                    BASELINE="391 4046 478 4038" 
                    HPOS="387"
                    VPOS="3973"
                    WIDTH="88"
                    HEIGHT="73">
            <Shape><Polygon POINTS="387 4015 433 3977 471 3973 475 4046 387 4046"/></Shape>
	    <String CONTENT="11"
                    HPOS="387"
                    VPOS="3973"
                    WIDTH="88"
                    HEIGHT="73"></String>
          </TextLine>

          
          
          <TextLine ID="eSc_line_51ff109b"
                    
                    BASELINE="551 4042 2823 4034" 
                    HPOS="547"
                    VPOS="3970"
                    WIDTH="2272"
                    HEIGHT="95">
            <Shape><Polygon POINTS="547 4011 547 3985 570 3973 604 3989 668 3977 706 4000 748 3985 767 4000 919 4000 946 3973 1079 3973 1113 3989 1140 3977 1193 4000 1455 4000 1581 3973 1790 3996 1809 3977 1869 3970 2113 3970 2147 3989 2246 3977 2272 3992 2417 3970 2447 3996 2808 3985 2819 4004 2800 4061 2686 4042 2527 4061 2481 4046 2428 4061 2360 4061 2344 4046 2257 4057 2238 4042 2189 4057 2166 4046 2124 4061 1961 4061 1945 4046 1854 4057 1797 4038 1767 4053 1584 4046 1562 4065 1478 4038 1299 4038 1280 4057 1242 4046 1197 4061 1178 4046 1159 4065 1090 4065 1052 4046 923 4038 908 4053 855 4042 828 4057 744 4042 706 4065 562 4042 547 4065"/></Shape>
	    <String CONTENT="en jannsent la cejuic sur encrustesnents ces Girqns au Feises du arct"
                    HPOS="547"
                    VPOS="3970"
                    WIDTH="2272"
                    HEIGHT="95"></String>
          </TextLine>

          
          
          <TextLine ID="eSc_line_320d1e78"
                    
                    BASELINE="535 4144 2819 4133" 
                    HPOS="532"
                    VPOS="4065"
                    WIDTH="2284"
                    HEIGHT="98">
            <Shape><Polygon POINTS="532 4114 532 4072 570 4072 604 4099 638 4099 668 4072 885 4072 923 4087 946 4076 965 4091 999 4076 1033 4099 1200 4084 1254 4099 1295 4068 1345 4068 1402 4095 1444 4095 1482 4068 1512 4068 1543 4095 1641 4095 1687 4072 1717 4091 1759 4080 1774 4095 1877 4095 1911 4068 1953 4068 1980 4095 2029 4095 2059 4065 2101 4091 2185 4065 2268 4087 2306 4068 2329 4087 2360 4065 2428 4091 2481 4068 2523 4087 2572 4076 2595 4091 2698 4084 2816 4103 2812 4118 2553 4118 2515 4156 2447 4156 2432 4141 2322 4156 2181 4141 1964 4152 1919 4137 1828 4160 1793 4144 1660 4160 1638 4141 1417 4141 1292 4163 1276 4148 1174 4163 1147 4144 1113 4163 1033 4163 1003 4144 957 4163 908 4141 851 4160 836 4144 775 4156 725 4125 532 4129"/></Shape>
	    <String CONTENT="d des allateraux du chieur orren Sur le tronssogs Sus"
                    HPOS="532"
                    VPOS="4065"
                    WIDTH="2284"
                    HEIGHT="98"></String>
          </TextLine>

          
          
          <TextLine ID="eSc_line_1bccc262"
                    
                    BASELINE="513 4236 2816 4232" 
                    HPOS="509"
                    VPOS="4167"
                    WIDTH="2303"
                    HEIGHT="99">
            <Shape><Polygon POINTS="509 4205 509 4167 539 4186 573 4186 592 4167 638 4186 684 4186 706 4167 748 4186 877 4186 919 4167 1022 4186 1208 4186 1261 4167 1307 4167 1326 4186 1436 4186 1459 4167 1600 4186 1850 4186 1869 4167 1972 4167 2002 4186 2287 4186 2325 4167 2390 4186 2409 4171 2451 4182 2474 4167 2603 4167 2633 4186 2694 4186 2713 4167 2770 4167 2808 4179 2812 4201 2804 4251 2648 4243 2588 4247 2561 4266 2496 4266 2466 4243 2401 4262 2325 4243 2291 4266 2246 4251 2135 4266 2025 4239 1999 4266 1938 4266 1881 4243 1805 4266 1744 4251 1691 4266 1645 4239 1615 4255 1493 4239 1436 4266 1265 4266 1216 4239 1174 4258 1140 4239 1090 4266 1056 4251 980 4262 923 4239 866 4262 805 4239 710 4243 676 4266 627 4266 596 4239 509 4243"/></Shape>
	    <String CONTENT="la fenuie Ces Crorser hautes qur d&#39;urmentent les patites rosce d6. Jace Citérot"
                    HPOS="509"
                    VPOS="4167"
                    WIDTH="2303"
                    HEIGHT="99"></String>
          </TextLine>

          
          
          <TextLine ID="eSc_line_85b0170a"
                    
                    BASELINE="535 4323 1432 4331" 
                    HPOS="532"
                    VPOS="4251"
                    WIDTH="900"
                    HEIGHT="102">
            <Shape><Polygon POINTS="535 4293 535 4266 562 4251 604 4251 634 4281 885 4281 984 4258 1083 4274 1140 4255 1185 4285 1242 4285 1273 4258 1429 4255 1432 4300 1429 4334 1379 4350 1318 4338 1288 4353 1128 4353 984 4331 836 4331 767 4350 699 4331 665 4350 562 4331 532 4342"/></Shape>
	    <String CONTENT="Prs de le isuerné Eranssags."
                    HPOS="532"
                    VPOS="4251"
                    WIDTH="900"
                    HEIGHT="102"></String>
          </TextLine>

          
        </TextBlock>
        
      </PrintSpace>
    </Page>
  </Layout>
</alto>
