<?xml version="1.0" encoding="UTF-8"?>
<alto xmlns:xsi="http://www.w3.org/2001/XMLSchema-instance"
      xmlns="http://www.loc.gov/standards/alto/ns-v4#"
      xsi:schemaLocation="http://www.loc.gov/standards/alto/ns-v4# http://www.loc.gov/standards/alto/v4/alto-4-2.xsd">
  <Description>
    <MeasurementUnit>pixel</MeasurementUnit>
    <sourceImageInformation>
      <fileName>Notre_Dame_git.pdf_page_8.png</fileName>
      
    </sourceImageInformation>
  </Description>
  
  <Tags>
    <OtherTag ID="BT2" LABEL="Main" DESCRIPTION="block type Main"/><OtherTag ID="BT4" LABEL="Illustration" DESCRIPTION="block type Illustration"/><OtherTag ID="BT1411" LABEL="folio" DESCRIPTION="block type folio"/><OtherTag ID="BT1412" LABEL="année" DESCRIPTION="block type année"/><OtherTag ID="BT1453" LABEL="Marge" DESCRIPTION="block type Marge"/>
    
  </Tags>
  
  <Layout>
    <Page WIDTH="2858"
          HEIGHT="4559"
          PHYSICAL_IMG_NR="7"
          ID="eSc_dummypage_">
      <PrintSpace HPOS="0"
                  VPOS="0"
                  WIDTH="2858"
                  HEIGHT="4559">
        
        <TextBlock HPOS="7"
                   VPOS="125"
                   WIDTH="468"
                   HEIGHT="4293"
                   ID="eSc_textblock_bf384669"
                   TAGREFS="BT1453">
          <Shape><Polygon POINTS="7 125 20 263 20 2066 35 4391 399 4418 408 3599 411 2532 475 2534 461 2431 407 2435 424 904 390 756 428 678 431 128"/></Shape>
          
          
          <TextLine ID="eSc_line_213cb5b1"
                    
                    BASELINE="362 683 415 681" 
                    HPOS="357"
                    VPOS="592"
                    WIDTH="57"
                    HEIGHT="110">
            <Shape><Polygon POINTS="361 680 357 604 410 592 414 680 410 702 357 699"/></Shape>
	    <String CONTENT="4"
                    HPOS="357"
                    VPOS="592"
                    WIDTH="57"
                    HEIGHT="110"></String>
          </TextLine>

          
          
          <TextLine ID="eSc_line_87cf13e7"
                    
                    BASELINE="360 965 410 961" 
                    HPOS="342"
                    VPOS="873"
                    WIDTH="68"
                    HEIGHT="129">
            <Shape><Polygon POINTS="357 964 342 873 391 873 406 957 410 991 357 1002"/></Shape>
	    <String CONTENT="28"
                    HPOS="342"
                    VPOS="873"
                    WIDTH="68"
                    HEIGHT="129"></String>
          </TextLine>

          
          
          <TextLine ID="eSc_line_fdc9be16"
                    
                    BASELINE="354 1256 408 1258" 
                    HPOS="342"
                    VPOS="1181"
                    WIDTH="64"
                    HEIGHT="125">
            <Shape><Polygon POINTS="353 1253 353 1181 406 1181 406 1257 395 1306 342 1280"/></Shape>
	    <String CONTENT="28"
                    HPOS="342"
                    VPOS="1181"
                    WIDTH="64"
                    HEIGHT="125"></String>
          </TextLine>

          
          
          <TextLine ID="eSc_line_c6f500c0"
                    
                    BASELINE="360 1456 402 1454" 
                    HPOS="338"
                    VPOS="1344"
                    WIDTH="68"
                    HEIGHT="183">
            <Shape><Polygon POINTS="357 1455 338 1360 380 1344 399 1451 406 1500 368 1527"/></Shape>
	    <String CONTENT="7"
                    HPOS="338"
                    VPOS="1344"
                    WIDTH="68"
                    HEIGHT="183"></String>
          </TextLine>

          
          
          <TextLine ID="eSc_line_dba720fd"
                    
                    BASELINE="356 1642 414 1642" 
                    HPOS="353"
                    VPOS="1553"
                    WIDTH="57"
                    HEIGHT="164">
            <Shape><Polygon POINTS="353 1641 353 1553 410 1565 410 1641 410 1705 353 1717"/></Shape>
	    <String CONTENT="27"
                    HPOS="353"
                    VPOS="1553"
                    WIDTH="57"
                    HEIGHT="164"></String>
          </TextLine>

          
          
          <TextLine ID="eSc_line_b7d89577"
                    
                    BASELINE="344 2137 402 2139" 
                    HPOS="338"
                    VPOS="2032"
                    WIDTH="61"
                    HEIGHT="137">
            <Shape><Polygon POINTS="342 2135 338 2043 395 2032 399 2138 399 2150 342 2169"/></Shape>
	    <String CONTENT="33"
                    HPOS="338"
                    VPOS="2032"
                    WIDTH="61"
                    HEIGHT="137"></String>
          </TextLine>

          
          
          <TextLine ID="eSc_line_8f22a242"
                    
                    BASELINE="337 2796 405 2802" 
                    HPOS="326"
                    VPOS="2701"
                    WIDTH="80"
                    HEIGHT="125">
            <Shape><Polygon POINTS="334 2792 338 2701 406 2705 402 2799 395 2826 326 2818"/></Shape>
	    <String CONTENT="4"
                    HPOS="326"
                    VPOS="2701"
                    WIDTH="80"
                    HEIGHT="125"></String>
          </TextLine>

          
          
          <TextLine ID="eSc_line_49d93b00"
                    
                    BASELINE="347 3066 397 3066" 
                    HPOS="345"
                    VPOS="2993"
                    WIDTH="50"
                    HEIGHT="152">
            <Shape><Polygon POINTS="345 3065 345 2993 395 2993 395 3065 395 3134 345 3145"/></Shape>
	    <String CONTENT="7"
                    HPOS="345"
                    VPOS="2993"
                    WIDTH="50"
                    HEIGHT="152"></String>
          </TextLine>

          
          
          <TextLine ID="eSc_line_c8f9f38b"
                    
                    BASELINE="333 3476 403 3478" 
                    HPOS="326"
                    VPOS="3381"
                    WIDTH="76"
                    HEIGHT="106">
            <Shape><Polygon POINTS="330 3472 330 3381 402 3392 402 3476 399 3483 326 3487"/></Shape>
	    <String CONTENT="10"
                    HPOS="326"
                    VPOS="3381"
                    WIDTH="76"
                    HEIGHT="106"></String>
          </TextLine>

          
          
          <TextLine ID="eSc_line_4cabda59"
                    
                    BASELINE="328 3770 390 3766" 
                    HPOS="319"
                    VPOS="3673"
                    WIDTH="68"
                    HEIGHT="133">
            <Shape><Polygon POINTS="326 3768 319 3673 380 3677 387 3764 387 3799 326 3806"/></Shape>
	    <String CONTENT="13"
                    HPOS="319"
                    VPOS="3673"
                    WIDTH="68"
                    HEIGHT="133"></String>
          </TextLine>

          
          
          <TextLine ID="eSc_line_d5eff511"
                    
                    BASELINE="334 4148 393 4148" 
                    HPOS="326"
                    VPOS="4049"
                    WIDTH="65"
                    HEIGHT="133">
            <Shape><Polygon POINTS="330 4144 326 4057 387 4049 391 4144 391 4182 330 4182"/></Shape>
	    <String CONTENT="15"
                    HPOS="326"
                    VPOS="4049"
                    WIDTH="65"
                    HEIGHT="133"></String>
          </TextLine>

          
        </TextBlock>
        
        <TextBlock HPOS="479"
                   VPOS="2411"
                   WIDTH="55"
                   HEIGHT="26"
                   ID="eSc_textblock_34496147"
                   TAGREFS="BT">
          <Shape><Polygon POINTS="479 2437 479 2411 534 2411 534 2437"/></Shape>
          
        </TextBlock>
        
        <TextBlock HPOS="2617"
                   VPOS="8"
                   WIDTH="238"
                   HEIGHT="125"
                   ID="eSc_textblock_a28f8ffe"
                   TAGREFS="BT1411">
          <Shape><Polygon POINTS="2617 8 2617 133 2707 133 2855 133 2855 8"/></Shape>
          
        </TextBlock>
        
        <TextBlock HPOS="416"
                   VPOS="23"
                   WIDTH="2442"
                   HEIGHT="4359"
                   ID="eSc_textblock_f5f859bf"
                   TAGREFS="BT2">
          <Shape><Polygon POINTS="441 23 422 2542 416 4382 2858 4379 2858 23"/></Shape>
          
        </TextBlock>
        
        <TextBlock HPOS="53"
                   VPOS="22"
                   WIDTH="322"
                   HEIGHT="90"
                   ID="eSc_textblock_610dc400"
                   TAGREFS="BT1412">
          <Shape><Polygon POINTS="53 22 53 112 205 112 375 112 375 22"/></Shape>
          
        </TextBlock>
        
        <TextBlock HPOS="419"
                   VPOS="673"
                   WIDTH="14"
                   HEIGHT="6"
                   ID="eSc_textblock_5e916e7f"
                   TAGREFS="BT">
          <Shape><Polygon POINTS="419 679 419 673 433 673 433 679"/></Shape>
          
        </TextBlock>
        

        
        <TextBlock ID="eSc_dummyblock_">
          
          
          <TextLine ID="eSc_line_61467835"
                    
                    BASELINE="114 102 326 87" 
                    HPOS="106"
                    VPOS="7"
                    WIDTH="217"
                    HEIGHT="95">
            <Shape><Polygon POINTS="110 72 106 45 235 7 273 7 319 34 323 56 323 87 292 102 110 102"/></Shape>
	    <String CONTENT="1860"
                    HPOS="106"
                    VPOS="7"
                    WIDTH="217"
                    HEIGHT="95"></String>
          </TextLine>

          
          
          <TextLine ID="eSc_line_80176296"
                    
                    BASELINE="2678 124 2835 128" 
                    HPOS="2671"
                    VPOS="3"
                    WIDTH="160"
                    HEIGHT="118">
            <Shape><Polygon POINTS="2675 91 2675 15 2831 3 2827 117 2671 121"/></Shape>
	    <String CONTENT="5.83"
                    HPOS="2671"
                    VPOS="3"
                    WIDTH="160"
                    HEIGHT="118"></String>
          </TextLine>

          
          
          <TextLine ID="eSc_line_b53941bd"
                    
                    BASELINE="132 219 152 219 228 219 412 219" 
                    HPOS="129"
                    VPOS="117"
                    WIDTH="281"
                    HEIGHT="221">
            <Shape><Polygon POINTS="129 216 129 117 410 117 410 216 410 315 129 338"/></Shape>
	    <String CONTENT="Avril. 16"
                    HPOS="129"
                    VPOS="117"
                    WIDTH="281"
                    HEIGHT="221"></String>
          </TextLine>

          
          
          <TextLine ID="eSc_line_af009332"
                    
                    BASELINE="472 198 2778 212" 
                    HPOS="463"
                    VPOS="94"
                    WIDTH="2311"
                    HEIGHT="145">
            <Shape><Polygon POINTS="471 197 471 94 623 98 623 98 623 98 627 98 627 98 699 132 805 98 809 98 813 98 813 98 817 98 1216 98 1216 98 1216 98 1219 98 1219 98 1219 98 1223 98 1223 98 1223 102 1231 110 1265 140 1512 140 1539 113 1550 106 1550 102 1550 102 1554 102 1554 102 1558 102 1558 102 1558 102 1562 102 1562 102 1565 102 1619 117 1702 140 1854 140 1900 121 1930 110 1930 110 1934 110 1934 110 1938 110 1938 110 1938 110 1942 110 1987 121 2048 140 2067 125 2086 106 2086 106 2090 106 2090 106 2090 106 2094 106 2094 106 2097 106 2097 106 2097 106 2204 125 2318 106 2318 106 2322 106 2322 106 2322 106 2325 106 2325 106 2325 106 2329 106 2329 106 2329 110 2352 129 2363 144 2519 144 2531 132 2553 117 2557 117 2557 117 2557 117 2561 117 2561 117 2561 117 2565 117 2565 117 2569 117 2569 117 2569 117 2572 117 2599 136 2607 140 2626 136 2683 121 2686 121 2686 121 2690 121 2690 121 2690 121 2770 140 2774 208 2766 239 463 231"/></Shape>
	    <String CONTENT="les travaux de dallage en marbre du choeur se poursuivent, ainsi"
                    HPOS="463"
                    VPOS="94"
                    WIDTH="2311"
                    HEIGHT="145"></String>
          </TextLine>

          
          
          <TextLine ID="eSc_line_0cea65f3"
                    
                    BASELINE="456 303 2755 303" 
                    HPOS="456"
                    VPOS="227"
                    WIDTH="2299"
                    HEIGHT="95">
            <Shape><Polygon POINTS="456 273 456 254 619 243 779 254 813 227 862 246 991 227 1041 254 1121 243 1223 254 1254 227 1345 227 1360 243 1493 227 1524 254 1592 227 1611 243 1660 227 1721 243 2044 227 2116 254 2189 254 2204 239 2246 254 2276 231 2337 250 2360 227 2439 254 2481 254 2515 231 2538 254 2637 254 2664 227 2755 239 2755 322 2645 322 2618 303 2565 322 2515 322 2496 303 2455 322 2409 307 2379 322 2348 303 2204 303 2173 322 2132 303 2063 322 2025 303 1812 307 1767 322 1664 322 1622 303 1451 322 1360 303 1337 322 1269 307 1170 322 1143 303 1048 322 957 322 934 307 763 307 710 322 570 322 539 307 456 322"/></Shape>
	    <String CONTENT="que ceux des chapelles basses de la nef Nord. on [re]monte les petits"
                    HPOS="456"
                    VPOS="227"
                    WIDTH="2299"
                    HEIGHT="95"></String>
          </TextLine>

          
          
          <TextLine ID="eSc_line_ab988b48"
                    
                    BASELINE="448 391 2823 398" 
                    HPOS="448"
                    VPOS="319"
                    WIDTH="2375"
                    HEIGHT="102">
            <Shape><Polygon POINTS="448 360 448 345 524 349 608 319 649 349 695 326 851 349 950 319 980 349 1052 349 1090 319 1185 319 1254 341 1303 322 1474 319 1543 349 1638 338 1660 353 1744 353 1763 334 1778 349 1850 353 1892 322 1972 322 2021 353 2105 349 2120 334 2147 353 2223 353 2238 338 2356 353 2398 322 2512 322 2527 338 2660 322 2759 353 2789 326 2819 338 2823 368 2819 414 2797 421 2755 398 2702 414 2622 395 2493 395 2470 414 2382 421 2356 398 2291 391 2219 398 2196 421 2056 395 1885 406 1843 387 1698 387 1641 410 1603 395 1429 410 1398 391 1375 410 1303 417 1265 391 1170 410 1147 395 1124 417 1067 391 1037 406 946 402 931 417 862 417 847 402 801 417 665 417 638 402 600 417 482 417 448 395"/></Shape>
	    <String CONTENT="echafaudages légers [??] [??] du grand comble pour la plomberie des"
                    HPOS="448"
                    VPOS="319"
                    WIDTH="2375"
                    HEIGHT="102"></String>
          </TextLine>

          
          
          <TextLine ID="eSc_line_3af94eb9"
                    
                    BASELINE="433 497 2812 490" 
                    HPOS="429"
                    VPOS="417"
                    WIDTH="2379"
                    HEIGHT="103">
            <Shape><Polygon POINTS="429 467 433 452 516 433 558 452 600 433 665 452 699 429 748 452 790 421 866 448 961 421 1022 448 1067 421 1185 425 1204 444 1242 421 1425 433 1622 417 1687 417 1721 448 2249 448 2314 417 2508 444 2538 417 2656 448 2789 440 2808 459 2804 512 2641 493 2504 512 2470 497 2451 512 2371 512 2344 493 2295 493 2211 512 2021 493 1976 512 1900 512 1843 490 1786 512 1687 497 1615 516 1577 497 1508 516 1394 516 1314 493 1170 509 1117 493 957 516 912 493 847 493 832 509 706 493 657 516 630 493 570 493 429 520"/></Shape>
	    <String CONTENT="quatre grandes contrefiches de la flèche formant [gradins] 难  destinés à recevoir"
                    HPOS="429"
                    VPOS="417"
                    WIDTH="2379"
                    HEIGHT="103"></String>
          </TextLine>

          
          
          <TextLine ID="eSc_line_dc918b43"
                    
                    BASELINE="482 596 2778 577" 
                    HPOS="475"
                    VPOS="505"
                    WIDTH="2295"
                    HEIGHT="118">
            <Shape><Polygon POINTS="475 562 475 528 501 520 592 520 634 547 672 528 706 547 763 547 798 520 843 520 870 547 931 547 999 543 1029 516 1345 543 1417 539 1478 512 1584 539 1702 539 1755 516 1839 535 1862 509 1904 509 1949 535 2097 535 2120 512 2177 509 2249 535 2314 505 2386 520 2512 505 2546 524 2576 505 2607 531 2648 516 2713 531 2766 509 2770 543 2755 607 2512 607 2462 585 2352 607 2303 592 2253 611 2192 592 2101 607 2078 592 2002 592 1983 607 1945 592 1907 607 1843 588 1797 607 1774 592 1622 604 1581 588 1562 607 1527 588 1470 588 1402 611 1360 592 1303 611 1254 596 1231 619 1174 619 1140 592 1086 615 1060 592 1007 592 931 623 843 596 668 596 638 623 547 623 505 596 475 600"/></Shape>
	    <String CONTENT="les figures des apôtres. pose des chevrons de la charpente [1ere] travée de la nef."
                    HPOS="475"
                    VPOS="505"
                    WIDTH="2295"
                    HEIGHT="118"></String>
          </TextLine>

          
          
          <TextLine ID="eSc_line_80c22406"
                    
                    BASELINE="442 685 2778 687" 
                    HPOS="433"
                    VPOS="596"
                    WIDTH="2341"
                    HEIGHT="122">
            <Shape><Polygon POINTS="440 683 433 626 513 596 513 596 516 596 516 596 520 596 520 596 520 596 524 596 524 596 524 596 528 596 528 596 562 626 991 626 1056 600 1056 600 1060 600 1060 600 1064 600 1064 600 1337 623 1390 596 1390 596 1390 596 1394 596 1394 596 1398 596 1482 596 1482 596 1482 596 1486 596 1486 596 1486 596 1489 596 1489 596 1489 600 1516 626 1664 626 1717 596 1717 596 1717 596 1721 596 1721 596 1725 596 1980 596 1980 596 1980 596 1983 596 1983 596 1983 596 1987 596 1987 596 1987 600 2006 615 2170 596 2170 596 2173 596 2173 596 2177 596 2177 596 2177 596 2234 623 2508 596 2508 596 2512 596 2512 596 2515 596 2515 596 2515 596 2519 596 2519 596 2519 600 2546 626 2774 626 2774 683 2770 718 437 702"/></Shape>
	    <String CONTENT="on a commencé le grattage des voutes hautes du transept sud au moyen"
                    HPOS="433"
                    VPOS="596"
                    WIDTH="2341"
                    HEIGHT="122"></String>
          </TextLine>

          
          
          <TextLine ID="eSc_line_ca4107ad"
                    
                    BASELINE="395 767 2778 786" 
                    HPOS="391"
                    VPOS="699"
                    WIDTH="2387"
                    HEIGHT="117">
            <Shape><Polygon POINTS="395 737 395 710 467 699 528 725 630 699 703 729 912 733 938 714 969 733 1292 733 1326 714 1360 737 1413 706 1501 706 1562 737 1603 737 1622 718 1733 725 1752 706 1831 740 1976 714 2006 729 2040 710 2211 710 2276 740 2333 718 2356 733 2382 714 2447 744 2489 714 2523 714 2595 744 2667 714 2774 714 2778 756 2770 809 2591 786 2474 816 2386 816 2348 786 2276 778 2170 813 2071 794 1991 794 1949 813 1919 790 1869 797 1854 782 1710 801 1645 771 1432 771 1387 801 1322 778 1284 794 1227 782 1200 801 1151 782 1067 797 893 782 847 801 391 790"/></Shape>
	    <String CONTENT="de l&#39;échafaudage du transept Nord qui a été remonté. on pose la serrure des"
                    HPOS="391"
                    VPOS="699"
                    WIDTH="2387"
                    HEIGHT="117"></String>
          </TextLine>

          
          
          <TextLine ID="eSc_line_387d29df"
                    
                    BASELINE="425 877 1975 887" 
                    HPOS="418"
                    VPOS="771"
                    WIDTH="1554"
                    HEIGHT="129">
            <Shape><Polygon POINTS="421 873 425 771 486 805 687 805 706 786 706 782 706 782 710 782 710 782 710 782 714 782 714 782 718 782 718 782 718 782 817 801 847 778 851 775 851 775 855 775 855 775 855 775 858 775 858 775 862 775 862 775 862 775 893 778 1018 809 1295 809 1337 786 1352 782 1352 782 1356 782 1356 782 1356 782 1360 782 1360 782 1360 782 1364 782 1364 782 1379 790 1417 805 1455 790 1474 782 1474 782 1478 782 1478 782 1482 782 1482 782 1482 782 1486 782 1486 782 1508 790 1543 805 1573 794 1596 782 1596 782 1600 782 1600 782 1600 782 1603 782 1968 801 1972 885 1968 892 418 900"/></Shape>
	    <String CONTENT="fenetres hautes du transept Nord face Est."
                    HPOS="418"
                    VPOS="771"
                    WIDTH="1554"
                    HEIGHT="129"></String>
          </TextLine>

          
          
          <TextLine ID="eSc_line_935f886f"
                    
                    BASELINE="436 970 2823 961" 
                    HPOS="421"
                    VPOS="866"
                    WIDTH="2398"
                    HEIGHT="140">
            <Shape><Polygon POINTS="433 968 421 908 501 873 501 873 505 873 505 873 509 873 509 873 706 896 756 873 756 873 756 873 760 873 760 873 763 873 763 873 763 873 767 873 839 892 1022 873 1022 873 1026 873 1026 873 1026 873 1029 873 1029 873 1033 873 1071 896 1212 877 1212 877 1216 877 1216 877 1216 877 1307 896 1318 896 1318 896 1352 870 1352 870 1356 870 1356 870 1360 870 1360 870 1360 870 1364 870 1364 870 1508 892 1539 896 1546 892 1577 870 1581 870 1581 870 1581 870 1584 870 1584 870 1588 870 1588 870 1588 870 1683 889 1714 900 1782 900 1793 889 1816 870 1816 870 1820 870 1820 870 1820 870 1824 870 1824 870 1824 870 1828 870 1828 870 1831 870 1831 870 1831 870 1869 889 1888 896 2208 896 2246 885 2310 866 2314 866 2314 866 2318 866 2318 866 2447 881 2493 885 2542 877 2641 866 2641 866 2645 866 2645 866 2648 866 2648 866 2648 866 2671 877 2705 892 2808 877 2819 957 2819 995 2211 999 2208 999 2208 999 2204 999 2204 999 2204 999 2196 995 2154 976 1999 995 1919 1002 1919 1006 1835 1006 1831 1002 1831 1002 1828 1002 1828 1002 1828 1002 1824 1002 1824 1002 1824 999 1816 995 1801 980 1755 995 1721 1002 1717 1002 1717 1002 1717 1002 1714 1002 1592 991 1429 980 1246 980 1231 991 1216 1002 1216 1006 1216 1006 1212 1006 1212 1006 1208 1006 1208 1006 1208 1006 1204 1006 1204 1006 1204 1006 1200 1006 1200 1006 1197 1006 1197 1006 1197 1006 1181 991 1170 983 1136 991 1067 1006 1067 1006 1067 1006 1064 1006 1064 1006 1060 1006 1060 1006 1018 991 995 983 931 991 805 1006 805 1006 801 1006 801 1006 801 1006 798 1006 748 991 722 983 433 987"/></Shape>
	    <String CONTENT="les travaux de charpente et de [??] se poursuivent sur le grand comble"
                    HPOS="421"
                    VPOS="866"
                    WIDTH="2398"
                    HEIGHT="140"></String>
          </TextLine>

          
          
          <TextLine ID="eSc_line_a942d9c6"
                    
                    BASELINE="439 1070 2819 1063" 
                    HPOS="429"
                    VPOS="968"
                    WIDTH="2387"
                    HEIGHT="133">
            <Shape><Polygon POINTS="437 1067 429 980 961 972 965 972 965 972 969 972 969 972 969 972 972 972 972 972 972 976 984 983 1003 1002 1086 1002 1117 983 1128 976 1132 976 1132 976 1136 976 1136 976 1136 976 1140 976 1140 976 1143 976 1178 983 1219 995 1250 983 1280 972 1280 972 1284 972 1284 972 1288 972 1467 972 1467 972 1467 972 1470 972 1524 987 1569 999 1592 987 1619 972 1619 972 1619 972 1622 972 1622 972 1622 972 1626 972 1626 972 1626 972 1630 972 1630 972 1634 972 1657 987 1664 991 1676 987 1733 972 1736 972 1736 972 1740 972 1740 972 1740 972 1820 987 1850 999 2135 999 2147 991 2189 968 2189 968 2189 968 2192 968 2192 968 2192 968 2196 968 2196 968 2196 968 2200 968 2276 991 2371 968 2375 968 2375 968 2379 968 2379 968 2379 968 2382 968 2382 968 2386 968 2386 968 2420 995 2424 999 2534 999 2538 995 2561 972 2561 972 2565 972 2565 972 2565 972 2569 972 2569 972 2569 972 2686 968 2690 968 2690 968 2690 968 2808 999 2816 1059 2808 1094 1657 1078 1626 1097 1622 1097 1622 1097 1622 1097 1622 1097 1619 1097 1619 1097 1619 1101 437 1101"/></Shape>
	    <String CONTENT="au dessus de la dernière travée de la nef et de la première du choeur. la dépose"
                    HPOS="429"
                    VPOS="968"
                    WIDTH="2387"
                    HEIGHT="133"></String>
          </TextLine>

          
          
          <TextLine ID="eSc_line_05472b9f"
                    
                    BASELINE="414 1151 2550 1162" 
                    HPOS="406"
                    VPOS="1071"
                    WIDTH="2140"
                    HEIGHT="129">
            <Shape><Polygon POINTS="410 1147 410 1071 2542 1097 2546 1158 2538 1196 2200 1181 2177 1196 2173 1200 2173 1200 2170 1200 2170 1200 2166 1200 2166 1200 2166 1200 2162 1200 2162 1200 2162 1200 2139 1196 2071 1181 1923 1196 1869 1200 1869 1200 1866 1200 1866 1200 1862 1200 1862 1200 1862 1200 1858 1200 1854 1196 1824 1177 1615 1196 1581 1196 1581 1196 1577 1196 1577 1196 1573 1196 1573 1196 1565 1196 1516 1177 1345 1192 1307 1196 1307 1196 1303 1196 1303 1196 1299 1196 1299 1196 1292 1192 1250 1177 1208 1192 1200 1196 1200 1196 1197 1196 1197 1196 1193 1196 1193 1196 1189 1196 1174 1192 1105 1177 406 1189"/></Shape>
	    <String CONTENT="de la charpente (1ere travée) du transept Sud se poursuit de même."
                    HPOS="406"
                    VPOS="1071"
                    WIDTH="2140"
                    HEIGHT="129"></String>
          </TextLine>

          
          
          <TextLine ID="eSc_line_255478be"
                    
                    BASELINE="431 1265 2781 1249" 
                    HPOS="425"
                    VPOS="1166"
                    WIDTH="2353"
                    HEIGHT="121">
            <Shape><Polygon POINTS="429 1261 425 1196 1261 1196 1269 1192 1284 1177 1284 1173 1284 1173 1288 1173 1288 1173 1288 1173 1292 1173 1292 1173 1295 1173 1436 1173 1436 1173 1436 1173 1546 1192 1584 1196 1607 1189 1679 1170 1683 1170 1683 1170 1683 1170 1687 1170 1687 1170 1691 1170 1691 1170 1744 1189 1752 1192 1755 1189 1778 1170 1778 1170 1782 1170 1782 1170 1782 1170 1786 1170 1786 1170 1790 1170 1790 1170 1945 1189 1949 1189 1953 1189 2048 1170 2048 1170 2048 1170 2052 1170 2052 1170 2056 1170 2132 1189 2151 1192 2162 1189 2223 1166 2223 1166 2227 1166 2227 1166 2230 1166 2230 1166 2230 1166 2234 1166 2299 1189 2303 1189 2306 1189 2367 1166 2367 1166 2371 1166 2371 1166 2375 1166 2770 1189 2778 1246 2774 1287 429 1287"/></Shape>
	    <String CONTENT="on a [apres] [??] [??] les [parties] de tapisserie au dessus des [??]"
                    HPOS="425"
                    VPOS="1166"
                    WIDTH="2353"
                    HEIGHT="121"></String>
          </TextLine>

          
          
          <TextLine ID="eSc_line_ebe0d487"
                    
                    BASELINE="433 1352 2793 1352" 
                    HPOS="433"
                    VPOS="1276"
                    WIDTH="2360"
                    HEIGHT="103">
            <Shape><Polygon POINTS="433 1322 433 1287 452 1276 513 1291 570 1276 600 1303 668 1303 684 1287 706 1303 775 1295 798 1276 870 1276 919 1299 961 1287 976 1303 1246 1303 1311 1276 1345 1276 1371 1303 1470 1303 1524 1276 1638 1276 1657 1295 1710 1276 1774 1303 1843 1299 1866 1276 1938 1276 1957 1295 2025 1276 2208 1276 2268 1299 2325 1284 2367 1303 2443 1303 2534 1276 2671 1303 2793 1291 2793 1352 2633 1375 2542 1352 2439 1375 2386 1352 2360 1367 2143 1356 2113 1379 1953 1356 1911 1375 1824 1352 1797 1371 1687 1352 1394 1356 1352 1371 1295 1352 1250 1371 1219 1352 1189 1371 1128 1352 1014 1379 961 1363 934 1379 820 1379 794 1356 737 1375 668 1360 642 1379 433 1363"/></Shape>
	    <String CONTENT="de la porte de la facade au dessus de la tour du Sud (vol commis à la [sacristie])"
                    HPOS="433"
                    VPOS="1276"
                    WIDTH="2360"
                    HEIGHT="103"></String>
          </TextLine>

          
          
          <TextLine ID="eSc_line_a85771c5"
                    
                    BASELINE="434 1455 2740 1443" 
                    HPOS="421"
                    VPOS="1360"
                    WIDTH="2315"
                    HEIGHT="133">
            <Shape><Polygon POINTS="433 1451 421 1401 478 1375 478 1375 482 1375 482 1375 482 1375 486 1375 486 1375 490 1375 490 1375 490 1375 532 1398 904 1398 931 1371 931 1367 931 1367 934 1367 934 1367 934 1367 938 1367 938 1367 942 1367 942 1367 942 1367 946 1367 946 1367 1014 1398 1151 1398 1185 1367 1185 1363 1189 1363 1189 1363 1189 1363 1193 1363 1193 1363 1197 1363 1349 1363 1349 1363 1349 1363 1352 1363 1352 1363 1417 1394 1683 1394 1793 1363 1797 1363 1797 1363 1801 1363 1801 1363 1801 1363 1805 1363 1805 1363 1869 1390 1957 1360 1957 1360 1961 1360 1961 1360 1964 1360 2029 1360 2029 1360 2029 1360 2033 1360 2033 1360 2033 1360 2037 1360 2037 1360 2037 1363 2063 1386 2154 1360 2158 1360 2158 1360 2162 1360 2162 1360 2162 1360 2253 1379 2356 1360 2356 1360 2356 1360 2360 1360 2360 1360 2363 1360 2363 1360 2363 1360 2367 1360 2401 1382 2443 1360 2443 1360 2443 1360 2447 1360 2447 1360 2451 1360 2451 1360 2451 1360 2455 1360 2455 1360 2523 1386 2637 1360 2637 1360 2637 1360 2641 1360 2641 1360 2641 1360 2645 1360 2732 1390 2736 1439 2728 1485 2021 1466 1493 1466 1478 1481 1474 1485 1474 1489 1474 1489 1470 1489 1470 1489 1470 1489 1467 1489 1467 1489 1463 1489 1463 1489 1463 1489 1425 1481 1360 1470 1185 1481 1022 1493 1018 1493 429 1477"/></Shape>
	    <String CONTENT="on entamme la pose du dallage en marbre dessus les chapelles basses"
                    HPOS="421"
                    VPOS="1360"
                    WIDTH="2315"
                    HEIGHT="133"></String>
          </TextLine>

          
          
          <TextLine ID="eSc_line_ceb59f75"
                    
                    BASELINE="445 1557 2105 1560" 
                    HPOS="437"
                    VPOS="1458"
                    WIDTH="1664"
                    HEIGHT="122">
            <Shape><Polygon POINTS="444 1553 444 1462 718 1485 782 1466 805 1458 809 1458 809 1458 809 1458 813 1458 813 1458 817 1458 817 1458 817 1458 820 1458 820 1458 820 1462 828 1466 847 1485 908 1466 946 1458 950 1458 950 1458 953 1458 953 1458 953 1458 957 1458 991 1470 1041 1485 1113 1470 1181 1458 1181 1458 1181 1458 1185 1458 1185 1458 1189 1458 1189 1458 1189 1458 1193 1458 1193 1458 1193 1462 1204 1474 1219 1489 1459 1489 1467 1477 1486 1462 1486 1458 1486 1458 1489 1458 1489 1458 1489 1458 1493 1458 1493 1458 1497 1458 1755 1458 1755 1458 1755 1458 1759 1458 1759 1458 1759 1458 1763 1458 1801 1481 1805 1485 1816 1481 1896 1458 1900 1458 1900 1458 1900 1458 1904 1458 1904 1458 1907 1458 1907 1458 1907 1458 1911 1458 1911 1458 1911 1462 1934 1485 1938 1489 2097 1489 2101 1557 2094 1580 437 1565"/></Shape>
	    <String CONTENT="de la nef coté du Nord, ainsi que celui du choeur."
                    HPOS="437"
                    VPOS="1458"
                    WIDTH="1664"
                    HEIGHT="122"></String>
          </TextLine>

          
          
          <TextLine ID="eSc_line_ed16e500"
                    
                    BASELINE="438 1645 2827 1633" 
                    HPOS="425"
                    VPOS="1546"
                    WIDTH="2398"
                    HEIGHT="129">
            <Shape><Polygon POINTS="437 1641 425 1584 494 1553 494 1553 497 1553 497 1553 497 1553 501 1553 501 1553 680 1576 934 1553 934 1553 938 1553 1223 1572 1292 1550 1292 1550 1295 1550 1295 1550 1299 1550 1299 1550 1535 1572 1581 1550 1581 1550 1581 1550 1584 1550 1584 1550 1588 1550 1588 1550 1588 1550 1717 1572 1717 1576 1809 1576 1809 1572 1831 1553 1831 1550 1831 1550 1835 1550 1835 1550 1835 1550 1839 1550 1839 1550 1839 1550 1843 1550 1843 1550 2006 1572 2021 1572 2033 1572 2238 1546 2238 1546 2242 1546 2242 1546 2242 1546 2246 1546 2318 1569 2386 1546 2390 1546 2390 1546 2390 1546 2394 1546 2394 1546 2398 1546 2398 1546 2458 1569 2462 1572 2614 1572 2614 1569 2637 1550 2637 1546 2637 1546 2641 1546 2641 1546 2641 1546 2645 1546 2645 1546 2645 1546 2648 1546 2648 1546 2652 1546 2652 1546 2652 1546 2656 1546 2686 1569 2694 1569 2812 1569 2823 1629 2823 1660 437 1675"/></Shape>
	    <String CONTENT="le [??] de la travée de charpente au dessus de la 1ere travée du choeur est terminé"
                    HPOS="425"
                    VPOS="1546"
                    WIDTH="2398"
                    HEIGHT="129"></String>
          </TextLine>

          
          
          <TextLine ID="eSc_line_01a7a43f"
                    
                    BASELINE="437 1743 2793 1747" 
                    HPOS="433"
                    VPOS="1656"
                    WIDTH="2356"
                    HEIGHT="99">
            <Shape><Polygon POINTS="433 1740 433 1679 729 1679 737 1679 763 1660 767 1660 767 1660 767 1660 771 1660 771 1660 775 1660 775 1660 775 1660 779 1660 779 1660 820 1679 828 1679 832 1679 896 1656 900 1656 900 1656 900 1656 904 1656 904 1656 1067 1675 1124 1656 1124 1656 1128 1656 1128 1656 1132 1656 1132 1656 1136 1656 1136 1656 1136 1656 1140 1656 1140 1656 1166 1679 1170 1683 1269 1683 1288 1679 1482 1656 1482 1656 1486 1656 1486 1656 1486 1656 1584 1679 1588 1679 1588 1679 1622 1656 1626 1656 1626 1656 1626 1656 1630 1656 1630 1656 1634 1656 1634 1656 1835 1679 1843 1679 1843 1679 1877 1656 1881 1656 1881 1656 1881 1656 1885 1656 1885 1656 1888 1656 1888 1656 1888 1656 1892 1656 1892 1656 1892 1656 1896 1656 1896 1656 1896 1660 1919 1679 1919 1683 2124 1683 2128 1679 2215 1656 2219 1656 2219 1656 2223 1656 2223 1656 2223 1656 2227 1656 2227 1656 2227 1656 2230 1656 2230 1656 2230 1660 2249 1679 2287 1660 2287 1660 2287 1660 2291 1660 2291 1660 2295 1660 2295 1660 2299 1660 2379 1679 2382 1679 2382 1679 2496 1656 2496 1656 2496 1656 2500 1656 2785 1683 2789 1743 2785 1755 433 1755"/></Shape>
	    <String CONTENT="ainsi que la pose des chevrons que l&#39;on commence à garnir en plomb. on pose"
                    HPOS="433"
                    VPOS="1656"
                    WIDTH="2356"
                    HEIGHT="99"></String>
          </TextLine>

          
          
          <TextLine ID="eSc_line_52c3b0f0"
                    
                    BASELINE="467 1834 2728 1834" 
                    HPOS="467"
                    VPOS="1759"
                    WIDTH="2261"
                    HEIGHT="110">
            <Shape><Polygon POINTS="467 1804 467 1766 497 1778 532 1759 615 1789 668 1762 710 1789 824 1789 877 1759 953 1774 1022 1759 1045 1778 1079 1766 1105 1789 1174 1789 1200 1766 1280 1759 1318 1785 1402 1759 1448 1789 1562 1785 1584 1766 1615 1785 1641 1759 1744 1759 1774 1789 1812 1789 1866 1759 1949 1759 2025 1789 2086 1766 2158 1766 2181 1789 2227 1789 2265 1759 2398 1759 2436 1785 2462 1774 2481 1789 2728 1789 2728 1831 2542 1831 2500 1853 2417 1846 2386 1869 2306 1842 2280 1857 2230 1846 2192 1869 2059 1869 2021 1838 1923 1861 1881 1838 1839 1853 1752 1853 1725 1838 1638 1865 1531 1842 1425 1869 1356 1861 1330 1838 1254 1853 1166 1838 1098 1857 1014 1842 881 1857 832 1842 756 1869 604 1869 558 1842 467 1853"/></Shape>
	    <String CONTENT="le [??] sur la travée de charpente au dessus de la nef. 难 les plombiers"
                    HPOS="467"
                    VPOS="1759"
                    WIDTH="2261"
                    HEIGHT="110"></String>
          </TextLine>

          
          
          <TextLine ID="eSc_line_0af4c12a"
                    
                    BASELINE="429 1935 2793 1937" 
                    HPOS="421"
                    VPOS="1865"
                    WIDTH="2368"
                    HEIGHT="114">
            <Shape><Polygon POINTS="425 1933 421 1872 2785 1865 2789 1933 2781 1975 2724 1956 2185 1956 2143 1975 2135 1979 2135 1979 2135 1979 2132 1979 2132 1979 2128 1979 2128 1979 2082 1975 1907 1960 1812 1975 1790 1979 1790 1979 1786 1979 1786 1979 1786 1979 1782 1979 1771 1975 1706 1956 1615 1975 1596 1979 1596 1979 1596 1979 1592 1979 1592 1979 1588 1979 1588 1979 1588 1979 1584 1979 1584 1979 1584 1975 1584 1975 1562 1956 1470 1956 1352 1975 1330 1979 1330 1979 1326 1979 1326 1979 1326 1979 1307 1975 1219 1956 1117 1975 1094 1979 1094 1979 1094 1979 1090 1979 1090 1979 1086 1979 1086 1979 1075 1975 1018 1956 874 1975 843 1979 843 1979 839 1979 779 1975 490 1956 429 1975"/></Shape>
	    <String CONTENT="ont commencée à garnir en plomb les contrefiches forment [gravins] à l&#39;intersection"
                    HPOS="421"
                    VPOS="1865"
                    WIDTH="2368"
                    HEIGHT="114"></String>
          </TextLine>

          
          
          <TextLine ID="eSc_line_0fa9f56b"
                    
                    BASELINE="410 2036 820 2028" 
                    HPOS="406"
                    VPOS="1945"
                    WIDTH="411"
                    HEIGHT="98">
            <Shape><Polygon POINTS="406 2005 414 1956 486 1948 520 1983 573 1983 623 1945 699 1952 748 1979 813 1975 817 1998 801 2043 406 2040"/></Shape>
	    <String CONTENT="des combles."
                    HPOS="406"
                    VPOS="1945"
                    WIDTH="411"
                    HEIGHT="98"></String>
          </TextLine>

          
          
          <TextLine ID="eSc_line_936c84a9"
                    
                    BASELINE="424 2129 2797 2123" 
                    HPOS="410"
                    VPOS="2032"
                    WIDTH="2383"
                    HEIGHT="129">
            <Shape><Polygon POINTS="421 2127 410 2066 482 2036 482 2036 486 2036 486 2036 486 2036 490 2036 490 2036 623 2059 969 2036 972 2036 972 2036 972 2036 976 2036 976 2036 1033 2059 1124 2036 1128 2036 1128 2036 1132 2036 1265 2036 1265 2036 1265 2036 1269 2036 1269 2036 1269 2036 1273 2036 1273 2036 1273 2040 1295 2059 1436 2040 1436 2040 1440 2040 1440 2040 1440 2040 1527 2059 1565 2036 1569 2036 1569 2036 1573 2036 1573 2036 1573 2036 1577 2036 1919 2055 1945 2032 1945 2032 1949 2032 1949 2032 1949 2032 1953 2032 1953 2032 1953 2032 1957 2032 1957 2032 2094 2059 2348 2059 2432 2032 2436 2032 2436 2032 2439 2032 2759 2032 2759 2032 2759 2032 2762 2032 2762 2032 2762 2032 2766 2032 2766 2032 2793 2055 2793 2119 2789 2161 421 2161"/></Shape>
	    <String CONTENT="on a terminé la pose de la verrière de Mr Maréchal a l[a] [??] haute de la"
                    HPOS="410"
                    VPOS="2032"
                    WIDTH="2383"
                    HEIGHT="129"></String>
          </TextLine>

          
          
          <TextLine ID="eSc_line_e93a37f4"
                    
                    BASELINE="426 2220 2595 2214" 
                    HPOS="418"
                    VPOS="2131"
                    WIDTH="2173"
                    HEIGHT="110">
            <Shape><Polygon POINTS="425 2218 418 2165 539 2135 539 2135 539 2135 543 2135 543 2135 547 2135 627 2154 790 2135 790 2135 794 2135 794 2135 798 2135 798 2135 798 2135 843 2157 946 2135 946 2135 946 2135 950 2135 950 2135 950 2135 953 2135 1026 2157 1155 2135 1155 2135 1159 2135 1159 2135 1409 2157 1497 2131 1501 2131 1501 2131 1501 2131 1505 2131 1505 2131 1508 2131 1508 2131 1508 2131 1512 2131 1543 2154 1577 2131 1581 2131 1581 2131 1581 2131 1584 2131 1584 2131 1588 2131 1786 2135 1786 2135 1786 2135 1790 2135 1790 2135 1790 2135 1793 2135 1793 2135 1793 2138 1812 2157 2154 2157 2181 2135 2181 2135 2185 2135 2185 2135 2189 2135 2189 2135 2189 2135 2192 2135 2192 2135 2196 2135 2268 2154 2295 2131 2295 2131 2299 2131 2299 2131 2299 2131 2303 2131 2303 2131 2306 2131 2405 2131 2405 2131 2405 2131 2584 2157 2591 2211 2588 2237 425 2241"/></Shape>
	    <String CONTENT="1ere travée du choeur Sud ainsi que celle de la petite rose placée au dessous."
                    HPOS="418"
                    VPOS="2131"
                    WIDTH="2173"
                    HEIGHT="110"></String>
          </TextLine>

          
          
          <TextLine ID="eSc_line_b93d60a3"
                    
                    BASELINE="429 2313 2732 2306" 
                    HPOS="425"
                    VPOS="2233"
                    WIDTH="2303"
                    HEIGHT="103">
            <Shape><Polygon POINTS="425 2283 425 2237 566 2237 649 2264 779 2264 805 2237 874 2237 908 2260 942 2249 957 2264 1067 2264 1094 2249 1136 2260 1162 2237 1219 2237 1246 2264 1341 2264 1371 2249 1448 2264 1493 2241 1539 2264 1577 2241 1660 2233 1706 2233 1740 2260 1793 2260 1809 2245 2021 2260 2040 2241 2097 2233 2181 2260 2280 2233 2344 2233 2386 2260 2474 2245 2512 2260 2572 2233 2599 2260 2724 2260 2728 2275 2724 2321 2565 2313 2546 2332 2500 2313 2249 2332 2139 2309 1991 2313 1972 2332 1907 2332 1885 2309 1847 2328 1812 2309 1793 2328 1683 2313 1657 2332 1577 2313 1543 2336 1505 2313 1432 2313 1398 2332 1322 2332 1295 2313 1231 2332 1166 2313 1090 2336 1033 2336 1014 2317 965 2336 858 2336 839 2321 634 2336 573 2313 497 2313 478 2328 425 2317"/></Shape>
	    <String CONTENT="continuation du grattage des voutes hautes du transept Sud et dépose de"
                    HPOS="425"
                    VPOS="2233"
                    WIDTH="2303"
                    HEIGHT="103"></String>
          </TextLine>

          
          
          <TextLine ID="eSc_line_c6b03c81"
                    
                    BASELINE="440 2412 2770 2412" 
                    HPOS="440"
                    VPOS="2340"
                    WIDTH="2330"
                    HEIGHT="91">
            <Shape><Polygon POINTS="440 2382 440 2359 471 2340 520 2355 642 2340 684 2363 714 2347 733 2363 927 2363 965 2340 1121 2359 1140 2347 1162 2363 1242 2363 1265 2340 1311 2340 1337 2363 1467 2344 1520 2363 1565 2347 1619 2363 1748 2347 1797 2363 1831 2340 1892 2359 1964 2347 1987 2363 2394 2363 2424 2340 2694 2340 2770 2363 2770 2431 2648 2431 2614 2412 2531 2431 2398 2412 2287 2412 2238 2431 2044 2412 1964 2427 1862 2416 1835 2431 1816 2416 1714 2416 1687 2431 1672 2416 1409 2427 1360 2412 1280 2412 1238 2431 440 2420"/></Shape>
	    <String CONTENT="la charpente au dessus. Vitrerie des oeils du soubassement de la flèche."
                    HPOS="440"
                    VPOS="2340"
                    WIDTH="2330"
                    HEIGHT="91"></String>
          </TextLine>

          
          
          <TextLine ID="eSc_line_3df0d454"
                    
                    BASELINE="32 2510 454 2519" 
                    HPOS="22"
                    VPOS="2397"
                    WIDTH="430"
                    HEIGHT="311">
            <Shape><Polygon POINTS="30 2507 26 2420 136 2397 140 2397 144 2397 148 2397 193 2423 212 2435 247 2427 296 2412 300 2412 304 2412 307 2412 349 2431 372 2439 448 2435 452 2518 444 2708 326 2708 323 2705 319 2705 315 2705 269 2663 220 2621 174 2640 163 2644 159 2644 155 2644 152 2644 148 2644 148 2640 136 2632 110 2606 22 2602"/></Shape>
	    <String CONTENT="Septembre. 1er"
                    HPOS="22"
                    VPOS="2397"
                    WIDTH="430"
                    HEIGHT="311"></String>
          </TextLine>

          
          
          <TextLine ID="eSc_line_6a8a6bcb"
                    
                    BASELINE="486 2518 2823 2503" 
                    HPOS="467"
                    VPOS="2416"
                    WIDTH="2352"
                    HEIGHT="114">
            <Shape><Polygon POINTS="482 2515 467 2458 501 2435 505 2435 505 2435 505 2435 509 2435 509 2435 509 2435 513 2435 513 2435 615 2450 646 2427 646 2427 649 2427 649 2427 649 2427 653 2427 653 2427 657 2427 657 2427 862 2450 866 2450 874 2450 1060 2423 1060 2423 1064 2423 1425 2442 1565 2446 1592 2439 1645 2420 1645 2420 1649 2420 1649 2420 1653 2420 1653 2420 1653 2420 1657 2420 1706 2435 1733 2442 1771 2435 1824 2423 1824 2423 1824 2423 1828 2423 1983 2431 2227 2442 2348 2423 2405 2416 2405 2416 2409 2416 2409 2416 2409 2416 2413 2416 2413 2416 2413 2416 2428 2423 2458 2439 2645 2420 2648 2420 2648 2420 2652 2420 2652 2420 2652 2420 2652 2420 2747 2439 2804 2416 2819 2499 2819 2518 482 2530"/></Shape>
	    <String CONTENT="on continue la pose du dalage des chapelles basses de la nef Nord"
                    HPOS="467"
                    VPOS="2416"
                    WIDTH="2352"
                    HEIGHT="114"></String>
          </TextLine>

          
          
          <TextLine ID="eSc_line_1cbb3c7a"
                    
                    BASELINE="440 2598 2819 2598" 
                    HPOS="440"
                    VPOS="2530"
                    WIDTH="2379"
                    HEIGHT="87">
            <Shape><Polygon POINTS="440 2568 440 2530 467 2545 634 2530 684 2553 718 2553 741 2530 1003 2549 1029 2530 1094 2530 1136 2553 1216 2530 1292 2553 1482 2549 1501 2530 1546 2530 1581 2553 1679 2553 1698 2537 1733 2553 1888 2553 1961 2530 1999 2530 2021 2553 2238 2553 2280 2530 2386 2530 2405 2545 2477 2530 2500 2553 2618 2553 2656 2530 2732 2530 2755 2553 2816 2549 2819 2568 2800 2617 2751 2598 2698 2613 2675 2598 2603 2598 2580 2617 2436 2617 2371 2598 2325 2617 2249 2598 2132 2598 2094 2617 2063 2602 1968 2617 1668 2602 1645 2617 1592 2617 1577 2602 1543 2617 1269 2617 1238 2598 1056 2598 999 2617 870 2598 843 2617 801 2598 680 2598 653 2613 570 2602 513 2617 440 2606"/></Shape>
	    <String CONTENT="on termine celui du choeur, et l&#39;on commence les raccords de dallage dans"
                    HPOS="440"
                    VPOS="2530"
                    WIDTH="2379"
                    HEIGHT="87"></String>
          </TextLine>

          
          
          <TextLine ID="eSc_line_f66af012"
                    
                    BASELINE="423 2700 1847 2689" 
                    HPOS="410"
                    VPOS="2598"
                    WIDTH="1433"
                    HEIGHT="133">
            <Shape><Polygon POINTS="421 2697 410 2625 619 2606 623 2606 623 2606 623 2606 627 2606 684 2621 710 2629 756 2621 858 2606 858 2606 862 2606 862 2606 862 2606 866 2606 866 2606 866 2606 870 2606 870 2606 870 2610 885 2621 889 2629 1269 2629 1288 2621 1356 2598 1360 2598 1360 2598 1360 2598 1364 2598 1364 2598 1364 2598 1470 2621 1482 2621 1831 2621 1843 2686 1839 2712 421 2731"/></Shape>
	    <String CONTENT="les bas cotés qui pourtourent le sanctuaire."
                    HPOS="410"
                    VPOS="2598"
                    WIDTH="1433"
                    HEIGHT="133"></String>
          </TextLine>

          
          
          <TextLine ID="eSc_line_b83b8ea7"
                    
                    BASELINE="429 2796 2819 2788" 
                    HPOS="418"
                    VPOS="2697"
                    WIDTH="2398"
                    HEIGHT="118">
            <Shape><Polygon POINTS="425 2792 418 2727 600 2708 600 2708 604 2708 604 2708 608 2708 608 2708 608 2708 611 2708 611 2708 630 2727 634 2731 885 2731 893 2727 938 2701 938 2701 938 2701 942 2701 942 2701 946 2701 1079 2701 1079 2701 1079 2701 1193 2727 1208 2727 1223 2727 1368 2701 1368 2701 1371 2701 1371 2701 1371 2701 1497 2727 1508 2727 1520 2727 1619 2697 1622 2697 1622 2697 1622 2697 1626 2697 2071 2724 2135 2697 2135 2697 2139 2697 2139 2697 2143 2697 2234 2697 2234 2697 2234 2697 2238 2697 2238 2697 2238 2697 2242 2697 2242 2701 2272 2727 2515 2727 2546 2701 2546 2697 2550 2697 2550 2697 2550 2697 2553 2697 2553 2697 2553 2697 2557 2697 2557 2697 2686 2720 2717 2697 2721 2697 2721 2697 2721 2697 2724 2697 2724 2697 2724 2697 2728 2697 2728 2697 2732 2697 2732 2697 2812 2727 2816 2784 2808 2815 421 2807"/></Shape>
	    <String CONTENT="on poursuit la [??] de la facade du transept Sud ansi que de la charpente"
                    HPOS="418"
                    VPOS="2697"
                    WIDTH="2398"
                    HEIGHT="118"></String>
          </TextLine>

          
          
          <TextLine ID="eSc_line_3d9998fb"
                    
                    BASELINE="435 2903 2823 2894" 
                    HPOS="425"
                    VPOS="2792"
                    WIDTH="2394"
                    HEIGHT="129">
            <Shape><Polygon POINTS="433 2902 425 2837 535 2834 573 2799 573 2799 577 2799 577 2799 577 2799 581 2799 581 2799 581 2799 585 2799 585 2799 737 2818 980 2799 984 2799 984 2799 984 2799 988 2799 1094 2830 1151 2799 1151 2799 1151 2799 1155 2799 1155 2799 1159 2799 1159 2799 1159 2799 1162 2799 1250 2826 1322 2807 1326 2807 1326 2807 1326 2807 1330 2807 1330 2807 1455 2826 1489 2803 1493 2803 1493 2803 1493 2803 1497 2803 1497 2803 1501 2803 1501 2803 1501 2803 1505 2803 1588 2826 1622 2796 1622 2796 1626 2796 1626 2796 1626 2796 1630 2796 1630 2796 1634 2796 1634 2796 1634 2796 1638 2796 1733 2826 1850 2803 1850 2803 1850 2803 1854 2803 1854 2803 1858 2803 1858 2803 1858 2803 1862 2803 1896 2830 2014 2830 2105 2796 2109 2796 2109 2796 2109 2796 2318 2792 2322 2792 2322 2792 2325 2792 2325 2792 2413 2822 2458 2792 2462 2792 2462 2792 2462 2792 2466 2792 2466 2792 2470 2792 2637 2792 2637 2792 2637 2792 2641 2792 2641 2792 2641 2792 2645 2792 2645 2792 2686 2826 2812 2826 2819 2891 2816 2913 433 2921"/></Shape>
	    <String CONTENT="on termine la pose des chevrons et du [??] du dessus de la dernière"
                    HPOS="425"
                    VPOS="2792"
                    WIDTH="2394"
                    HEIGHT="129"></String>
          </TextLine>

          
          
          <TextLine ID="eSc_line_c12b6237"
                    
                    BASELINE="428 2995 2855 2997" 
                    HPOS="421"
                    VPOS="2902"
                    WIDTH="2433"
                    HEIGHT="141">
            <Shape><Polygon POINTS="425 2993 421 2921 699 2902 703 2902 703 2902 703 2902 706 2902 706 2902 706 2902 710 2902 729 2917 741 2925 1147 2925 1174 2913 1208 2902 1212 2902 1212 2902 1212 2902 1216 2902 1216 2902 1216 2902 1219 2902 1219 2902 1219 2902 1242 2913 1261 2925 1489 2925 1562 2910 1619 2902 1619 2902 1622 2902 1622 2902 1622 2902 1626 2902 1626 2902 1626 2902 1630 2902 1630 2902 1638 2910 1653 2925 1801 2925 1869 2910 1904 2902 1904 2902 1904 2902 1907 2902 1907 2902 1911 2902 1934 2906 1987 2921 2029 2906 2044 2902 2044 2902 2048 2902 2048 2902 2052 2902 2052 2902 2105 2906 2246 2921 2375 2906 2401 2902 2401 2902 2405 2902 2405 2902 2409 2902 2409 2902 2417 2902 2466 2921 2531 2902 2538 2902 2542 2902 2542 2902 2546 2902 2546 2902 2569 2902 2755 2921 2850 2902 2854 2993 2854 3016 2736 3035 2736 3035 2732 3035 2732 3035 2728 3035 2660 3020 2618 3008 2534 3020 2451 3027 2451 3027 2447 3027 2447 3027 2394 3020 2341 3008 2325 3020 2314 3031 2314 3031 2314 3031 2310 3031 2310 3031 2306 3031 2306 3031 2306 3031 2303 3031 2303 3031 2299 3031 2299 3031 2299 3031 2295 3031 2295 3031 2280 3020 2268 3008 2014 3008 1983 3020 1930 3039 1930 3039 1926 3039 1926 3039 1923 3039 1923 3039 1919 3039 1919 3039 1866 3020 1831 3008 1695 3020 1592 3027 1588 3027 1588 3027 1588 3027 1539 3020 1493 3012 1482 3020 1467 3031 1463 3031 1463 3031 1463 3031 1459 3031 1459 3031 1455 3031 1455 3031 1455 3031 1451 3031 1451 3031 1451 3031 1429 3020 1402 3008 1121 3008 1086 3020 1037 3039 1037 3039 1033 3039 1033 3039 1033 3043 824 3043 820 3039 820 3039 737 3020 672 3008 425 3020"/></Shape>
	    <String CONTENT="travée de la nef. pose des verrières de la rose et de la [pte] croisée au dessus (coté Nord choeur"
                    HPOS="421"
                    VPOS="2902"
                    WIDTH="2433"
                    HEIGHT="141"></String>
          </TextLine>

          
          
          <TextLine ID="eSc_line_bd4e0111"
                    
                    BASELINE="427 3093 2808 3092" 
                    HPOS="418"
                    VPOS="2993"
                    WIDTH="2386"
                    HEIGHT="118">
            <Shape><Polygon POINTS="425 3092 418 3016 513 2993 513 2993 513 2993 516 2993 516 2993 520 2993 589 3012 615 3020 642 3012 699 2997 703 2997 703 2997 703 2997 1102 2993 1105 2993 1105 2993 1185 3008 1246 3020 1303 3008 1364 2993 1364 2993 1364 2993 1368 2993 1368 2993 1368 2993 1371 2993 1417 3005 1467 3020 1486 3005 1497 2997 1501 2997 1501 2997 1501 2997 1505 2997 1505 2997 1505 2997 1508 2997 1508 2997 1512 2997 1512 2997 1512 2997 1531 3005 1562 3024 1999 3024 2037 3001 2040 2997 2044 2997 2044 2997 2048 2997 2048 2997 2048 2997 2052 2997 2052 2997 2086 3001 2211 3020 2265 3001 2284 2993 2284 2993 2287 2993 2287 2993 2291 2993 2291 2993 2348 2997 2515 3020 2553 2997 2557 2993 2561 2993 2561 2993 2561 2993 2565 2993 2565 2993 2569 2993 2569 2993 2569 2993 2595 2997 2667 3012 2686 2997 2686 2997 2686 2993 2686 2993 2690 2993 2690 2993 2690 2993 2694 2993 2694 2993 2698 2993 2797 2997 2804 3088 2800 3111 425 3111"/></Shape>
	    <String CONTENT="continuation des travaux de plomberie pour revêtir les quatre contrefiches"
                    HPOS="418"
                    VPOS="2993"
                    WIDTH="2386"
                    HEIGHT="118"></String>
          </TextLine>

          
          
          <TextLine ID="eSc_line_7c4b7dd0"
                    
                    BASELINE="422 3193 2827 3179" 
                    HPOS="414"
                    VPOS="3088"
                    WIDTH="2409"
                    HEIGHT="129">
            <Shape><Polygon POINTS="421 3191 414 3100 725 3096 729 3096 729 3096 733 3096 733 3096 733 3096 737 3096 737 3096 741 3100 771 3126 817 3100 828 3096 828 3096 828 3096 832 3096 832 3096 836 3096 836 3096 836 3096 839 3096 839 3096 839 3096 851 3100 896 3126 1026 3122 1045 3103 1052 3096 1052 3092 1052 3092 1056 3092 1056 3092 1056 3092 1060 3092 1060 3092 1064 3092 1276 3092 1276 3092 1276 3092 1280 3092 1280 3092 1280 3092 1284 3092 1284 3092 1295 3103 1307 3111 1352 3103 1451 3092 1451 3092 1455 3092 1455 3092 1455 3092 1459 3092 1508 3107 1562 3122 1584 3107 1607 3088 1611 3088 1611 3088 1611 3088 1615 3088 1615 3088 1615 3088 1619 3088 1619 3088 1622 3088 1695 3107 1740 3122 1831 3122 1843 3107 1862 3096 1862 3092 1862 3092 1866 3092 1866 3092 1869 3092 1869 3092 1869 3092 1873 3092 1873 3092 1873 3092 1877 3092 1930 3111 1961 3122 2135 3122 2151 3111 2185 3096 2185 3096 2185 3096 2189 3096 2189 3096 2192 3096 2192 3096 2192 3096 2196 3096 2196 3096 2196 3096 2200 3096 2200 3096 2200 3100 2215 3111 2219 3119 2500 3119 2504 3115 2527 3096 2527 3096 2531 3096 2531 3096 2534 3096 2534 3096 2534 3096 2538 3096 2816 3119 2823 3176 2816 3206 1622 3195 421 3217"/></Shape>
	    <String CONTENT="de la flèche formant [gradins] dans les [revues] des combles. pose des verrières"
                    HPOS="414"
                    VPOS="3088"
                    WIDTH="2409"
                    HEIGHT="129"></String>
          </TextLine>

          
          
          <TextLine ID="eSc_line_0d78e8d9"
                    
                    BASELINE="421 3281 2814 3274" 
                    HPOS="414"
                    VPOS="3187"
                    WIDTH="2398"
                    HEIGHT="133">
            <Shape><Polygon POINTS="418 3278 414 3191 763 3214 1155 3214 1178 3195 1181 3191 1181 3191 1185 3191 1185 3191 1189 3191 1189 3191 1189 3191 1193 3191 1292 3195 1603 3210 1634 3198 1657 3187 1657 3187 1660 3187 1660 3187 1660 3187 1664 3187 1664 3187 1664 3187 1714 3198 1755 3210 2063 3210 2071 3198 2082 3191 2082 3187 2082 3187 2086 3187 2086 3187 2086 3187 2090 3187 2090 3187 2094 3187 2804 3206 2812 3271 2800 3316 2732 3293 2147 3312 1983 3316 1980 3316 1980 3316 1980 3316 1976 3316 1976 3316 1972 3316 1964 3312 1930 3293 1668 3293 1638 3309 1615 3320 1615 3320 1615 3320 1611 3320 1611 3320 1607 3320 1607 3320 1607 3320 1546 3309 1493 3297 1413 3305 1307 3320 1307 3320 1303 3320 414 3297"/></Shape>
	    <String CONTENT="des petites roses ainsi que des fenêtres qui les surmontent sur la face Est du"
                    HPOS="414"
                    VPOS="3187"
                    WIDTH="2398"
                    HEIGHT="133"></String>
          </TextLine>

          
          
          <TextLine ID="eSc_line_c9cde93a"
                    
                    BASELINE="422 3376 1007 3371" 
                    HPOS="414"
                    VPOS="3278"
                    WIDTH="589"
                    HEIGHT="122">
            <Shape><Polygon POINTS="421 3373 414 3297 551 3278 551 3278 554 3278 668 3286 794 3297 813 3282 817 3278 817 3278 820 3278 820 3278 820 3278 824 3278 824 3278 824 3278 828 3278 828 3278 828 3278 832 3278 843 3282 893 3297 991 3278 1003 3369 999 3396 421 3400"/></Shape>
	    <String CONTENT="transept Nord."
                    HPOS="414"
                    VPOS="3278"
                    WIDTH="589"
                    HEIGHT="122"></String>
          </TextLine>

          
          
          <TextLine ID="eSc_line_9328eb84"
                    
                    BASELINE="426 3474 2832 3453" 
                    HPOS="418"
                    VPOS="3362"
                    WIDTH="2413"
                    HEIGHT="156">
            <Shape><Polygon POINTS="425 3472 418 3385 615 3381 619 3381 619 3381 623 3381 623 3381 623 3381 630 3385 676 3407 855 3407 874 3385 881 3381 881 3377 881 3377 885 3377 885 3377 885 3377 889 3377 889 3377 893 3377 893 3377 893 3377 896 3377 923 3385 984 3404 1033 3385 1045 3381 1045 3381 1048 3381 1048 3381 1048 3381 1052 3381 1052 3381 1086 3385 1204 3404 1246 3385 1276 3373 1276 3373 1280 3373 1280 3373 1280 3373 1284 3373 1284 3373 1288 3373 1288 3373 1318 3385 1337 3392 1444 3385 1535 3381 1539 3381 1539 3381 1543 3381 1569 3385 1622 3400 1660 3388 1687 3377 1687 3377 1691 3377 1691 3377 1695 3377 1695 3377 1695 3377 1698 3377 1698 3377 1702 3377 1717 3388 1736 3400 1991 3400 2018 3388 2075 3369 2078 3369 2078 3369 2078 3369 2082 3369 2284 3388 2333 3392 2371 3388 2576 3362 2576 3362 2580 3362 2580 3362 2823 3392 2831 3449 2831 3483 2485 3499 2481 3499 2481 3499 2409 3487 2360 3480 2299 3487 2177 3502 2177 3502 2173 3502 2173 3502 2173 3502 2170 3502 2170 3502 2166 3502 2143 3487 2139 3487 2139 3487 2124 3499 2124 3502 2124 3502 2120 3502 2120 3502 2120 3502 2116 3502 2116 3502 2116 3502 1938 3506 1934 3506 1934 3506 1930 3506 1930 3506 1885 3487 1881 3487 1869 3487 1767 3506 1767 3506 1767 3506 1763 3506 1763 3506 1759 3506 1759 3506 1759 3506 1721 3487 1710 3483 1619 3487 1371 3506 1368 3506 881 3491 828 3491 824 3491 767 3518 767 3518 763 3518 763 3518 763 3518 760 3518 760 3518 756 3518 672 3495 524 3518 524 3518 520 3518 520 3518 516 3518 418 3491"/></Shape>
	    <String CONTENT="le grattage des voutes hautes du transept Sud se poursuit, ansi que"
                    HPOS="418"
                    VPOS="3362"
                    WIDTH="2413"
                    HEIGHT="156"></String>
          </TextLine>

          
          
          <TextLine ID="eSc_line_dba5fefc"
                    
                    BASELINE="421 3565 2827 3547" 
                    HPOS="406"
                    VPOS="3464"
                    WIDTH="2417"
                    HEIGHT="145">
            <Shape><Polygon POINTS="418 3563 406 3514 486 3480 486 3480 490 3480 490 3480 494 3480 494 3480 729 3506 741 3506 741 3506 779 3480 782 3480 782 3480 782 3480 786 3480 786 3480 790 3480 790 3480 976 3502 999 3502 1010 3502 1071 3480 1075 3480 1075 3480 1075 3480 1079 3480 1079 3480 1079 3480 1162 3499 1185 3502 1193 3499 1216 3476 1216 3476 1219 3476 1219 3476 1219 3476 1223 3476 1223 3476 1227 3476 1227 3476 1227 3476 1326 3495 1371 3502 1406 3491 1470 3472 1474 3472 1474 3472 1474 3472 1478 3472 1683 3487 1850 3499 1904 3483 1945 3468 1949 3468 1949 3468 1949 3468 1953 3468 1953 3468 1957 3468 2002 3480 2052 3491 2109 3480 2154 3468 2154 3468 2154 3468 2158 3468 2158 3468 2158 3468 2162 3468 2162 3468 2166 3468 2166 3468 2166 3472 2173 3476 2192 3491 2208 3476 2211 3472 2211 3472 2211 3472 2215 3472 2215 3472 2219 3472 2219 3472 2219 3472 2223 3472 2223 3472 2227 3472 2227 3472 2238 3476 2291 3495 2314 3472 2318 3472 2318 3468 2318 3468 2322 3468 2322 3468 2325 3468 2325 3468 2325 3468 2329 3468 2409 3472 2724 3491 2808 3464 2823 3544 2823 3575 2208 3597 2204 3597 1987 3582 1873 3575 1725 3575 1710 3582 1676 3601 1676 3601 1676 3601 1672 3601 1672 3601 1672 3601 1668 3601 1668 3601 1550 3586 1501 3578 1394 3586 1227 3597 1223 3597 1223 3597 1223 3597 1219 3597 1181 3586 1162 3582 1159 3586 1140 3605 1140 3605 1136 3605 1136 3605 1136 3605 1132 3605 1132 3605 1128 3605 1128 3605 965 3590 900 3582 885 3590 847 3609 847 3609 847 3609 843 3609 843 3609 843 3609 839 3609 839 3609 836 3609 836 3609 782 3590 779 3590 779 3590 722 3609 718 3609 718 3609 718 3609 714 3609 714 3609 714 3609 710 3609 649 3590 634 3586 630 3590 608 3609 608 3609 604 3609 604 3609 604 3609 600 3609 600 3609 596 3609 596 3609 596 3609 592 3609 592 3609 592 3609 589 3609 562 3590 551 3586 418 3590"/></Shape>
	    <String CONTENT="la depose des [??] qui flanquent le [pignon] et la corniche formant passage"
                    HPOS="406"
                    VPOS="3464"
                    WIDTH="2417"
                    HEIGHT="145"></String>
          </TextLine>

          
          
          <TextLine ID="eSc_line_ef473e63"
                    
                    BASELINE="420 3662 1602 3657" 
                    HPOS="410"
                    VPOS="3559"
                    WIDTH="1190"
                    HEIGHT="122">
            <Shape><Polygon POINTS="418 3658 410 3578 558 3559 558 3559 562 3559 562 3559 566 3559 566 3559 566 3559 570 3559 570 3559 570 3563 589 3578 592 3586 710 3586 729 3578 801 3559 805 3559 805 3559 809 3559 809 3559 809 3559 813 3559 813 3559 813 3559 817 3559 817 3559 817 3563 832 3578 858 3563 858 3563 858 3563 862 3563 862 3563 862 3563 866 3563 1090 3582 1121 3582 1128 3582 1197 3559 1200 3559 1200 3559 1200 3559 1204 3559 1204 3559 1204 3559 1208 3559 1208 3559 1257 3582 1261 3582 1273 3582 1493 3559 1493 3559 1497 3559 1497 3559 1501 3559 1596 3586 1600 3654 1592 3681 414 3669"/></Shape>
	    <String CONTENT="au dessus de la rose du transept Sud."
                    HPOS="410"
                    VPOS="3559"
                    WIDTH="1190"
                    HEIGHT="122"></String>
          </TextLine>

          
          
          <TextLine ID="eSc_line_36b36a43"
                    
                    BASELINE="422 3766 2825 3735" 
                    HPOS="410"
                    VPOS="3654"
                    WIDTH="2413"
                    HEIGHT="148">
            <Shape><Polygon POINTS="421 3764 410 3704 471 3681 471 3681 475 3681 475 3681 478 3681 478 3681 478 3681 570 3700 570 3700 570 3700 589 3685 589 3681 589 3681 592 3681 592 3681 592 3681 596 3681 596 3681 596 3681 600 3681 855 3696 889 3696 915 3696 1086 3673 1086 3673 1090 3673 1090 3673 1204 3688 1231 3692 1265 3688 1421 3669 1421 3669 1425 3669 1425 3669 1425 3669 1497 3685 1516 3688 1531 3685 1573 3669 1573 3669 1577 3669 1577 3669 1581 3669 1786 3681 1881 3685 1888 3677 1907 3662 1907 3662 1907 3662 1911 3662 1911 3662 1915 3662 1915 3662 1915 3662 1919 3662 1919 3662 1919 3662 1995 3677 2021 3681 2097 3677 2303 3658 2306 3658 2306 3658 2306 3658 2310 3658 2310 3658 2344 3673 2363 3677 2417 3669 2531 3654 2531 3654 2534 3654 2534 3654 2538 3654 2591 3666 2618 3673 2812 3666 2823 3734 2816 3776 1649 3772 1615 3780 1554 3795 1550 3795 1550 3795 1546 3795 1546 3795 1546 3795 1474 3780 1413 3768 1299 3780 1159 3795 1159 3795 1155 3795 1155 3795 1151 3795 1105 3780 1079 3772 1060 3780 1010 3802 1010 3802 1007 3802 1007 3802 1007 3802 1003 3802 1003 3802 999 3802 999 3802 942 3780 927 3776 421 3780"/></Shape>
	    <String CONTENT="on commence la plomberie de la partie de charpente qui a été refaite"
                    HPOS="410"
                    VPOS="3654"
                    WIDTH="2413"
                    HEIGHT="148"></String>
          </TextLine>

          
          
          <TextLine ID="eSc_line_ea89b2d9"
                    
                    BASELINE="425 3868 2858 3865" 
                    HPOS="414"
                    VPOS="3753"
                    WIDTH="2417"
                    HEIGHT="148">
            <Shape><Polygon POINTS="421 3867 414 3791 893 3776 896 3776 900 3776 904 3776 915 3787 938 3802 1231 3802 1254 3787 1273 3772 1276 3772 1280 3772 1474 3768 1478 3768 1482 3768 1516 3787 1527 3791 1546 3787 1619 3764 1622 3764 1626 3764 1729 3783 1759 3791 1793 3783 1888 3764 1892 3764 1896 3764 1900 3764 1930 3783 1938 3791 2192 3791 2204 3783 2253 3757 2257 3757 2261 3757 2265 3757 2314 3783 2318 3787 2477 3787 2485 3783 2531 3753 2534 3753 2538 3753 2542 3753 2546 3753 2645 3783 2823 3783 2831 3837 2823 3878 2595 3863 2246 3882 2128 3886 2124 3886 2120 3886 2101 3882 2037 3863 1911 3882 1850 3890 1847 3890 1767 3882 1634 3867 1554 3882 1493 3894 1489 3894 1486 3894 1444 3882 1394 3871 1056 3875 1033 3882 965 3901 961 3901 957 3901 877 3882 851 3878 421 3882"/></Shape>
	    <String CONTENT="au dessus de la première travée du choeur, les [maçons] [disposent] l&#39;échafaudage"
                    HPOS="414"
                    VPOS="3753"
                    WIDTH="2417"
                    HEIGHT="148"></String>
          </TextLine>

          
          
          <TextLine ID="eSc_line_4ba38c0a"
                    
                    BASELINE="422 3957 2821 3924" 
                    HPOS="414"
                    VPOS="3844"
                    WIDTH="2405"
                    HEIGHT="152">
            <Shape><Polygon POINTS="421 3954 414 3901 680 3871 680 3871 684 3871 684 3871 687 3871 687 3871 687 3871 733 3894 741 3897 908 3897 923 3886 965 3867 965 3867 965 3867 969 3867 969 3867 972 3867 972 3867 1121 3882 1193 3890 1246 3878 1330 3863 1330 3863 1330 3863 1619 3859 1622 3859 1622 3859 1626 3859 1626 3859 1657 3871 1687 3882 1717 3867 1744 3856 1744 3856 1744 3856 1748 3856 1748 3856 1752 3856 1752 3856 1839 3867 1945 3878 1968 3863 1972 3859 1976 3859 1976 3859 1976 3859 1980 3859 1980 3859 1983 3859 2101 3859 2698 3867 2808 3844 2819 3920 2812 3962 1797 3962 1752 3970 1683 3981 1683 3981 1679 3981 1679 3981 1584 3970 1516 3962 1440 3970 1326 3985 1326 3985 1322 3985 1322 3985 1318 3985 1269 3970 1231 3962 1170 3973 1071 3989 1071 3989 1067 3989 1067 3989 1067 3989 991 3973 953 3966 748 3966 737 3973 687 3996 687 3996 684 3996 684 3996 684 3996 680 3996 680 3996 676 3996 676 3996 619 3973 611 3973 421 3973"/></Shape>
	    <String CONTENT="pour le grattage et le rejointement de la face intérieure du transept Sud"
                    HPOS="414"
                    VPOS="3844"
                    WIDTH="2405"
                    HEIGHT="152"></String>
          </TextLine>

          
          
          <TextLine ID="eSc_line_b0317359"
                    
                    BASELINE="421 4043 1075 4030" 
                    HPOS="410"
                    VPOS="3939"
                    WIDTH="661"
                    HEIGHT="145">
            <Shape><Polygon POINTS="418 4042 410 3947 554 3970 710 3970 725 3951 737 3943 737 3939 737 3939 741 3939 741 3939 741 3939 744 3939 744 3939 744 3939 748 3939 1064 3958 1071 4027 1071 4061 896 4080 896 4080 893 4080 893 4080 832 4072 729 4053 703 4076 703 4076 703 4076 703 4076 699 4076 699 4076 695 4076 695 4076 695 4076 691 4076 691 4076 691 4076 684 4076 585 4053 418 4084"/></Shape>
	    <String CONTENT="du coté de la nef."
                    HPOS="410"
                    VPOS="3939"
                    WIDTH="661"
                    HEIGHT="145"></String>
          </TextLine>

          
          
          <TextLine ID="eSc_line_2492dcaa"
                    
                    BASELINE="422 4138 2819 4133" 
                    HPOS="414"
                    VPOS="4034"
                    WIDTH="2402"
                    HEIGHT="122">
            <Shape><Polygon POINTS="421 4137 414 4072 661 4038 661 4038 665 4038 665 4038 668 4038 668 4038 668 4038 672 4038 672 4038 706 4068 813 4068 843 4042 843 4038 843 4038 847 4038 847 4038 851 4038 851 4038 851 4038 855 4038 855 4038 858 4038 858 4038 858 4038 915 4068 995 4068 1022 4042 1022 4038 1022 4038 1026 4038 1026 4038 1026 4038 1029 4038 1029 4038 1033 4038 1033 4038 1033 4038 1037 4038 1037 4038 1037 4038 1090 4068 1178 4068 1299 4038 1299 4038 1299 4038 1303 4038 1695 4061 1816 4034 1816 4034 1820 4034 1972 4034 1972 4034 1972 4034 1976 4034 1976 4034 1976 4034 1980 4034 2021 4061 2109 4034 2113 4034 2113 4034 2116 4034 2181 4034 2181 4034 2181 4034 2185 4034 2185 4034 2185 4034 2189 4034 2189 4034 2189 4038 2215 4061 2306 4038 2310 4038 2310 4038 2314 4038 2314 4038 2417 4053 2489 4034 2493 4034 2493 4034 2493 4034 2496 4034 2496 4034 2500 4034 2500 4034 2500 4034 2504 4034 2504 4034 2527 4053 2645 4034 2645 4034 2648 4034 2648 4034 2648 4034 2652 4034 2652 4034 2656 4034 2656 4034 2656 4038 2686 4065 2808 4065 2816 4129 2812 4148 421 4156"/></Shape>
	    <String CONTENT="on poursuit activement la dépose de la facade du transept Sud: on"
                    HPOS="414"
                    VPOS="4034"
                    WIDTH="2402"
                    HEIGHT="122"></String>
          </TextLine>

          
          
          <TextLine ID="eSc_line_c85d38b1"
                    
                    BASELINE="418 4239 2819 4233" 
                    HPOS="410"
                    VPOS="4137"
                    WIDTH="2406"
                    HEIGHT="121">
            <Shape><Polygon POINTS="414 4236 410 4163 646 4167 725 4160 862 4141 862 4141 866 4141 866 4141 870 4141 870 4141 870 4141 874 4141 896 4156 915 4171 1102 4171 1128 4152 1155 4141 1155 4141 1155 4141 1159 4141 1159 4141 1162 4141 1162 4141 1162 4141 1166 4141 1166 4141 1170 4141 1170 4141 1170 4144 1181 4152 1200 4171 1295 4171 1333 4152 1356 4141 1356 4141 1360 4141 1360 4141 1360 4141 1364 4141 1482 4148 1695 4167 1752 4148 1771 4141 1771 4141 1774 4141 1774 4141 1778 4141 1778 4141 1778 4141 1782 4141 1801 4144 1869 4167 1911 4144 1919 4141 1919 4141 1919 4141 1923 4141 1923 4141 1923 4141 1926 4141 1926 4141 1926 4141 1930 4141 1930 4141 1942 4144 1991 4167 2059 4144 2067 4141 2071 4141 2071 4141 2071 4141 2075 4141 2075 4141 2078 4141 2078 4141 2078 4141 2082 4141 2082 4141 2082 4144 2116 4171 2215 4171 2238 4148 2238 4148 2242 4148 2242 4148 2242 4148 2246 4148 2246 4148 2246 4148 2249 4148 2249 4148 2253 4148 2310 4163 2348 4141 2352 4141 2352 4141 2352 4141 2356 4141 2356 4141 2356 4141 2360 4141 2360 4141 2363 4141 2363 4141 2363 4141 2363 4141 2367 4141 2367 4141 2394 4160 2603 4141 2603 4141 2607 4141 2607 4141 2610 4141 2610 4141 2610 4141 2664 4167 2686 4144 2686 4141 2686 4141 2690 4141 2690 4141 2690 4141 2694 4141 2694 4141 2694 4141 2804 4137 2816 4232 2808 4258 410 4251"/></Shape>
	    <String CONTENT="commence à [demonter ] la grande rose centrale. les charpentiers [opèrent] le"
                    HPOS="410"
                    VPOS="4137"
                    WIDTH="2406"
                    HEIGHT="121"></String>
          </TextLine>

          
          
          <TextLine ID="eSc_line_cb4ddb7e"
                    
                    BASELINE="440 4312 2694 4312" 
                    HPOS="440"
                    VPOS="4247"
                    WIDTH="2254"
                    HEIGHT="103">
            <Shape><Polygon POINTS="440 4281 501 4247 604 4251 623 4270 653 4270 676 4247 782 4262 801 4247 881 4247 904 4270 1010 4270 1033 4247 1105 4251 1128 4270 1208 4270 1238 4247 1284 4270 1474 4266 1501 4247 1535 4270 1600 4270 1638 4247 1778 4251 1801 4270 1900 4270 1923 4255 1938 4270 2128 4270 2162 4251 2189 4266 2284 4247 2405 4262 2474 4247 2546 4270 2572 4247 2694 4247 2694 4350 2603 4323 2569 4338 2508 4323 2477 4350 2329 4327 2303 4342 2246 4323 2154 4350 2025 4323 1812 4331 1786 4350 1653 4350 1622 4323 1565 4323 1531 4342 1501 4323 1402 4323 1337 4350 1261 4350 1238 4331 1090 4350 1056 4323 995 4323 965 4342 908 4331 870 4350 748 4350 706 4323 627 4350 513 4350 440 4331"/></Shape>
	    <String CONTENT="levage des [fermes] de la charpente neuve pour couvrir le transept Sud."
                    HPOS="440"
                    VPOS="4247"
                    WIDTH="2254"
                    HEIGHT="103"></String>
          </TextLine>

          
        </TextBlock>
        
      </PrintSpace>
    </Page>
  </Layout>
</alto>
